4706 RA;1
3201 VB;5
1171 CG;65
4700 GG;1
2271 AM;74
1023 BX;-526 5
4800 CE;2224
4587 LG;75 J
8081 HL;21
6541 CZ;100
3905 NV;36
8321 BV;38
3255 LL;1a
5446 AM;19
6852 HV;122
5026 RJ;12
1504 AH;30
8651 CV;16
9723 JP;10
3905 KX;10
3812 RB;1
8475 EG;26
1333 HJ;100
1817 BA;30
1101 AK;3-5
2132 VX;5-15
7141 CS;26
2632 BA;6
1185 XW;61
2132 PZ;28
2253 JK;246E
3247 XX;2
6603 CG;779
3208 KJ;23
3247 CL;27
1852 AP;226
6644 ZG;2
8304 AH;18
7007 CD;30
3201 LL;2
3201 LL;2
5431 ND;4
3905 KZ;
7006 RA;5
1033 RH;55
6902 PB;1
3247 LK;14
3237 MH;-Oost8
3299 XG;1
1815 CC;18-20
7327 AZ;1
1508 EV;374-
1742 LE;329
3905 KZ;46
3905 LX;280
6744 WL;26
8275 AB;51
8223 EE;25
1544 AB;15
1507 CB;9
1501 NN;10
7151 HT;3
3235 XG;22
3902 HR;12
3247 XX;4
4251 NZ;1
7418 EH;7
1822 BE;10
1501 NN;6
3262 XB;25
1742 LE;325
3851 SB;27
3851 KA;25
3852 AG;124
1742 LE;325
6744 WZ;13
3903 LM;33
3247 XD;1
6905 AE;28
8223 EG;24
9721 BK;36
3862 KG;86
3881 SK;90/1
3841 GD;7 A
8041 AD;8
1185 ZW;28
8242 BA;1 02
1314 AK;1202-
6971 GX;10
3905 MH;2
7399 AD;4
8315 PE;8-1
1713 GL;43
7434 PB;128
1767 CW;2
8447 SL;53
3902 HS;4
3785 LH;5
6732 AD;227
7442 DR;13
3267 CA;9
3454 PX;6
3851 BD;14
6545 AB;95
4424 BE;1
8072 PD;70
1704 RA;16
3905 KV;39
6611 AA;9
7202 CA;75
1823 CR;30
7615 NA;175
7556 BS;10
2516 BP;89
3256 AR;90
8051 SX;1
2593 SL;7
8471 RK;2
1742 LE;325
3247 CL;69
1742 LE;325
1852 RD;44
2071 EV;3
6988 BT;2
3200 AL;481
3851 BB;40
1822 BT;36-40
7207 BP;27
1822 BZ;82
1175 KM;109
7553 GP;27
1521 PT;214
3251 ND;31
3251 ND;12
6603 BV;220
3208 LJ;1
3209 BK;3
4254 XP;30
1704 SH;18
1742 PD;8
3247 CL;25
1713 HD;111
6604 LA;1003
3075 RL;68
9301 EG;37
1702 PC;32
3201 AV;5
9792 TC;11
3812 PL;83
3800 AJ;353
3851 SM;3
1742 NB;9
7324 AJ;11
1112 AW;71-73
3241 ME;12
8275 AP;28
9700 AZ;956
5433 NL;
7202 BZ;
3542 AB;512
5916 PH;9-11
3862 ED;129
3771 MB;36
6534 AR;150
3902 HN;45
3902 HN;49
3721 TK;80
3902 HN;45
6136 GV;116
9723 JA;35
3208 KB;4
1332 BC;17
6136 XA;61
6130 AR;140
7602 PR;1
6745 XM;8
6828 KE;74
7336 AK;79
3201 LT;13
3902 HP;9
3903 LP;
1046 AC;29
1742 NG;2
5359 AV;-Oost28B
2652 DT;9
9723 HP;4
5061 KB;12
6603 BW;14
1096 BR;1-4
5626 DK;7
1042 AA;8
6971 LC;14
6961 EB;39
1076 CW;122
3905 LV;-West242
3255 MC;14
9713 ZC;52
3247 XX;4
3208 LJ;2
1742 LE;329
4131 PM;1
1508 EB;9-
2611 AL;30
6596 DP;12
1742 PD;14
3841 KE;3
4451 HS;1
9723 BK;135
3241 KD;1
6611 KH;9
9231 DB;7
3201 AB;42
6611 KE;28
8938 AE;6
1181 DT;6
6651 KR;9
2628 AS;266a
5349 AK;-Zuid91
7327 AC;20
7300 AB;81
2628 AT;274
8501 XH;6
6545 AB;97
3905 KZ;45
6582 BB;61
1742 NX;171
1432 CN;253
1505 HK;4
3439 ME;13
1505 HK;4F
1411 AW;1
2722 NK;406
3903 KE;51
7418 EC;2
7418 BH;16
6041 TA;3
3255 BL;2
3208 KB;5
1812 PS;342
1101 AV;36
3439 ME;11
6716 BX;4
1812 PJ;3-5
1822 BJ;10
1271 ED;6
1117 ZR;75123
5503 LM;4245
3927 AB;15
3853 LS;26-28
7461 JC;3
8251 JS;19-21
6831 AJ;42
7312 EN;3
7345 DK;5
3707 HW;19
4538 AT;5
7315 GB;21
3209 BK;34
5281 RM;1
1742 LD;306
2106 CN;4
1426 AH;97
3245 KG;113
7336 AG;60
6629 AH;6
1508 EK;18
1842 GS;45
6661 TD;70
1934 PA;12
3247 LB;9
1504 AK;82
3214 CL;2
2316 JW;2
2718 SM;45
3905 NA;19
3843 GB;77
9883 PD;37
1812 NB;44
3905 JC;177
9627 PB;75
3771 CK;70 A
3234 KG;1
4251 LP;17
9626 AD;181
1432 CM;239 G
8924 CZ;7
9203 ED;228
1976 BE;15
1191 KK;23
7140 AA;
8855 XE;10
2102 LK;25
4131 PL;1
3203 XH;64
1391 JH;49
6534 AD;13
6584 AJ;100
1566 PG;14
5248 JT;65
7324 AB;29
3194 AL;3
3237 ME;-zuid8
1746 CL;11-13
3990 GJ;
8013 NA;7
7554 NG;65
7550 AD;
7333 PE;
3812 SZ;15
3812 SZ;15
1431 GZ;5
1069 CD;9
1766 GD;21
3705 MA;15
2612 KK;50
3208 LC;10
3233 LD;18
5281 LJ;27
3903 LL;9F
6603 CR;946
1822 BS;14-16
3248 BD;1
8239 DD;31
5431 NS;1
6862 VS;57
3201 LT;13
1821 BK;2
2332 EE;2-4
2352 CK;9
3201 LT;1
7642 AH;82
1101 AV;74
6741 PA;24 B
7045 BC;11
2132 VX;6
2132 WS;12
7007 CM;7
1100 AB;70
7327 AW;13
8081 GR;43
3903 LA;34
7483 PC;27
9723 EV;20
2805 AA;17
5344 AK;29
1814 KH;148/150
6161 BZ;360
2611 SH;10
3905 LS;190
1506 PW;7
1411 AS;33
1822 BA;7
1704 RA;1
5375 KW;2
3992 DB;6
1902 CE;1
3201 VN;3
1742 PC;11
2491 BA;34-36
7151 NS;84
2211 TL;56
8013 PK;10-12
4900 AC;138
2111 GN;9
7622 JW;56
3247 CL;17
3220 BD;1165
3237 KC;2
7324 BA;40
3543 AC;53
1742 PC;11
1101 GG;111
7207 BT;5
6851 EH;37
6546 AS;11-18
3247 BH;59-61-63
1812 RJ;14
3208 KJ;13
1171 DA;33
1030 AB;15
2332 AA;45
2405 XX;25
3903 LH;7
3833 BP;2
3209 BK;32
3235 XK;6
1422 AL;5-7
1422 AC;13b
1303 AE;30247
1303 AE;30247
1303 AE;30247
1303 AE;30247
1303 AE;30247
1329 BP;51
2491 DL;1
2024 CH;325
1822 BJ;6-8
3232 LN;45
6603 BL;190
8445 PK;1
3244 BH;30
8465 SB;11
1506 RA;6
3846 AV;1167
3225 LD;28
3771 AH;31A
2111 VR;15
3201 LE;2
7322 AD;200
3253 AE;32
4941 ED;75
7300 AP;618
1216 SK;2
1185 XX;84
6827 BT;12
2627 GB;2
8448 CM;4
9207 HC;8
6666 ML;3
6827 BJ;13
6851 EJ;
6921 RZ;9
1216 BJ;23
3812 RG;1
3905 KW;2
6101 XB;5
6433 PL;32
1324 KV;6-8
8223 EC;21
8253 PL;56
7005 AG;120
7442 DA;8
9723 BK;123
2102 LL;24
2331 BB;6
2718 ST;115
4301 ND;46
4695 RC;8
7102 EZ;50
7151 HD;2
3194 AK;12
3198 LS;175
4782 PZ;12
1812 PS;328
1948 RC;5
1822 BW;1
3771 MA;69
3851 GA;37
8471 XL;2
3905 AZ;1
7602 PE;22
4906 BA;19
3281 LB;14
3905 TB;3
5451 AW;15
1724 BB;2
6581 AD;51
6582 AA;225
7221 BS;12
3905 KZ;29
3209 BK;3C
3905 PS;6
1112 DH;12
2495 AX;67
5481 JG;44-46
1761 AR;17
1766 GE;39
1951 ME;301
7207 BJ;35
8013 PZ;7
6827 BX;62
5431 NS;8
7554 TK;7
5406 XP;33
4251 LK;8a
6604 LZ;5007
3902 HR;28
3255 MC;14
6546 AS;11-10
8028 PR;2
6883 DB;2
6562 JJ;1
1112 VA;5
7324 AB;41
7324 AB;73
1500 EK;
3853 MB;14
8446 DB;162
9200 AB;25
8446 AB;162
8446 DB;162
8601 VC;5A
8601 VC;5A
1032 KJ;30
3815 KM;22
2235 SE;17
7008 AM;26
2031 CD;10
3245 XH;35
1551 PP;301
2042 KN;12
3232 LN;59
5406 XP;33
2132 PV;174
6951 KC;130
1216 GK;16
1216 SK;16
1440 AR;
1813 JV;29
6626 KV;6
7202 BX;444
7202 BX;444
3201 CV;16
6546 BG;1305
2264 AA;26
3237 KG;4
1817 BB;55
3903 KF;19
8162 VZ;7
7205 BS;7
3705 LZ;8
1816 BW;40-43
1742 PD;2
7481 KJ;2
6921 EW;32
6921 EW;32
1101 GG;20
5047 RG;7
7384 DL;34d
4836 LA;6004
3853 KH;116
3522 HS;226
4824 AM;15
3902 HR;2
3201 LT;87
1941 JM;26A
1043 AD;16
7544 RT;80
6545 AA;445
2741 PG;15
2131 HE;4
8448 CE;11
3905 KW;4A
3220 AE;244
1841 JC;162
6546 AS;1114
6501 BC;1120
8629 EG;14
3902 HR;27
3851 ST;11
8211 AJ;31
3899 BG;98
3851 SM;22
3812 RK;48
4706 PB;76
4706 PB;76
3781 NC;51
6931 KJ;1-3
3905 NV;40
7418 AT;32
4000 HE;22
5300 CE;2238
3902 AE;29
1432 AN;110
1432 AN;110
1181 HL;1
2132 WX;2B
1105 AN;101
3771 MG;5
7008 AP;37/39
3927 GG;24
3843 AN;6
3234 KC;2
8601 WR;6
1823 DL;22
6902 PB;17
4538 AH;2
6515 AK;1
6611 AM;35
6611 AM;35
8601 WJ;2
8601 WJ;2
2652 XT;8
7161 HB;66
1566 JN;9
3821 BJ;1
6718 XR;20
9723 HG;12
3771 VJ;11
7324 AX;10
7609 RA;14
5281 LJ;31
8501 ZR;1
7600 AM;12
6718 XR;20
3198 LS;128
2645 EG;7
4462 GP;33
1704 RN;1
3241 MB;3
1827 DE;11
1822 BA;21a
3231 VD;44
1822 BE;4-6
3255 MC;18A
6827 BJ;5
3896 LH;25
4941 VN;59
8253 PL;50
2131 HB;31
3774 RD;12
4462 GS;33
7161 BZ;11
8221 RB;8
3861 SM;2
6802 CA;73
2031 BD;22-24
2435 NT;9
4251 LM;4D
4251 PT;4
9865 XA;13
4782 SL;7
7201 EV;2
9291 NH;22
1271 EA;26
2495 AB;74c
2225 AV;16
9901 TP;16
8938 AB;6
4421 BG;6
8181 EX;46
7511 JA;19
3411 AL;7
7418 BX;9
6741 PR;6
8381 XL;4
3876 LT;158
3774 RC;29
3241 MD;5
6681 KB;20
7442 CV;26
3238 LM;13A
8171 NS;26
1114 AM;25
4538 AS;56
8478 HD;34
8938 AA;48
1181 TK;25
1792 CJ;261-
3812 RR;153
6827 DH;24
4825 BA;58
5705 AD;183-185
7556 BS;49
6135 KD;63
3565 AC;46
7025 CZ;-Heideweg25
7415 BK;2
3861 SM;2a
3861 RD;21
8239 DD;145
6951 KN;2
6983 BM;5
6851 DE;25a
4197 BA;17
2266 GD;33 1
4704 RK;43
2211 WD;161
9231 GR;3
8256 SL;18
3194 AE;27
8251 JP;27
2231 AG;84
7554 TH;32
7554 NZ;240
3233 LK;14
3181 HK;43
3899 BC;65
1785 AD;4
1785 AA;6
3231 AM;19
3705 TZ;14
2102 LS;29
8013 PH;2
8071 RA;34
1951 AH;6
8243 RB;9
7207 BJ;27
7418 BM;8
8938 AT;4
8447 GH;26
3222 BC;4
8304 AP;38
8308 AB;41
1424 RS;50
2142 LB;1525
6604 LD;22-18
1822 BB;14
6956 AX;78
6826 TR;26
1742 PD;14
1105 AR;12-14
1216 SK;12
1033 SC;10
6545 AC;45
1432 CE;2
6826 TR;26
2516 AH;30
8028 PS;5
7553 GH;107
2201 DH;-Gravendijckseweg61-91
9983 PE;22-26
4704 SE;1
2516 BC;297
2288 EV;4
1175 RN;12
4900 AG;259
1068 NH;353
3711 AV;109
3223 NN;4
1781 AE;43
7609 PK;459
3194 DE;20
8754 HG;3
8252 CE;1
5688 XG;19
5402 LA;13
5402 LA;13
8471 KB;2
3882 CP;12
3195 GE;27
7450 AA;30
6903 PZ;10-12
2222 AT;12
7447 AC;81
3860 BA;1000
6534 AC;4
6611 AG;3
1822 BN;67
8392 MS;44
5374 CM;11
3751 LE;6
6687 LS;14
8309 RG;15
6702 DT;14
3737 BK;34
8081 DZ;58
1781 AA;1
8081 DZ;58
2273 GL;1
2264 AA;30
4903 RM;4
5684 PS;37
3641 SG;11b
7418 CB;24
6581 AX;16
3776 PZ;20
8321 ED;22
7442 DA;7-B
2382 NN;50
7442 CL;13
3431 RB;1
6974 AT;8
3214 VJ;5
4231 DJ;37
7223 DP;75
4538 AV;7
6531 LB;10
7951 CX;26
3892 KE;10
6841 BE;14
6541 CW;25
6541 CW;25
8938 BH;25
8041 AC;11
7554 TA;33
4704 RK;96H
1435 HW;40
1975 CG;15
3194 DD;25
7391 AK;36
2035 WV;1
3194 DJ;8-10
1391 JE;-Zuid26
2408 BZ;3
3812 RB;7
3180 AA;1048
2408 BE;129
2407 AC;14
6603 AL;23a
4707 NT;13
3433 NP;8
2131 MT;583
9281 KJ;2
7213 XX;31
7001 GS;7
3846 CC;45
3194 AM;126
8253 PC;45-48
4900 AD;190
1822 BS;15
8071 SC;18
5667 KZ;112
3774 LE;12
3864 ND;111
3222 AC;103
2596 EC;220
8075 AS;78
3044 CH;3
1067 SX;518
2151 CM;6B
9907 PD;26
1507 DT;12
7547 AS;217
9281 NW;52
4612 PL;75/77
3565 CG;20E
1101 GG;119
8251 GL;30-32
8223 EC;1
1101 GG;123
1014 BC;100
1171 CG;65
1101 GG;121
1101 AR;11
8471 JK;61
6662 PT;1
9723 BX;128
1185 ZH;1
2516 AW;9
7524 PJ;3131
1096 CJ;14
5051 DV;5
5623 LJ;2
8251 HV;3
7552 CS;203
3646 AK;4
3903 AN;93
7005 AN;25
7202 BX;44
5374 BL;90
3646 AK;4
3890 AC;18
8055 PA;3
6836 BA;15
4624 HW;3
3565 AB;10
3812 RX;5
4704 RK;101
3641 RC;2
1431 GZ;32
3261 LS;5
5165 NR;12
2031 BH;59
1422 VD;17
6681 CW;33
8013 RC;14
8253 PL;56
4824 AT;87
1320 AH;60250
3433 PL;3
7333 PB;84
1083 JS;4
2284 GA;2
7204 BH;112
3433 PV;2
3712 DE;12-14
3704 GS;20
7327 AZ;12
1101 AK;19
4751 XC;41
8531 HH;14
7200 AA;2
8448 GX;16
4251 LK;15
7442 DP;6
5428 NL;34
8042 PG;4 -9
3772 TM;44
6681 CW;17
3253 LG;3
3771 CB;19
3771 RD;61
4339 AR;34
6681 DT;9
9231 GR;18
7556 BX;30
6902 PG;10
9936 BR;2
4661 TZ;40
7271 LE;7
8938 AD;15
8938 AH;8
1105 AT;18
8938 AC;5
5408 PH;10
1171 CD;2
2253 HC;2
9723 AW;29
3851 EC;171
3565 AV;27
2215 TL;2
4758 TS;59
7005 AS;15B
7021 BW;48
3261 LE;2
4458 DA;1
7418 BH;2
4462 EZ;11
2222 AG;21
8013 PM;27
3871 AC;113a
8239 DA;50 D
8304 AE;5
2408 AL;21
6691 EL;6
7041 GB;2F6
3641 RP;17G
7513 EL;153
3846 AV;35
3845 MC;44
1422 AJ;12
8071 SE;19
8308 RM;10
7418 BJ;5
2516 AW;15
8801 PK;4
8938 CA;2
1114 AL;22
9104 CR;31
6545 CL;25
6000 GC;87
7207 BP;2
2352 AB;23
3084 CD;620
3201 LL;2
3208 KS;1
4815 PN;3
4704 SB;7
5262 GK;27
8501 XN;4
6951 KC;140
4462 EW;10
7256 BC;28
7442 DV;7
3224 HC;2
7131 ME;15
7335 JG;7-9
7558 PJ;7
7141 TZ;117
3831 KE;9
2152 CW;23-25
1704 SR;6
2408 AH;29
3882 HB;2
3781 LW;88
3433 NP;11
3433 NP;11
3433 NP;11
2622 CZ;9
3861 SH;4
9231 DX;17
2491 AH;237
9919 BH;19
7151 HD;4
8255 PC;58
7541 AV;322
8321 EG;2
8181 BJ;18A
1099 DK;89
7136 KK;4
4704 RM;21
4462 GB;19
6651 KA;22
3225 LD;16
7481 VS;15
1231 KH;14Q
8172 EM;80
2014 KW;2
7315 DT;139
6603 BE;5
6605 SR;32-36
8495 KM;17
6545 CD;61
8322 AB;8
3781 AS;52
1454 AC;75
5628 CJ;2
5048 AB;16
5405 AA;25
6541 BD;236
7535 CE;56-64
3232 LN;6
4104 BA;3
2015 CN;294
6931 ED;32
9722 KJ;15
3812 RV;13
5667 KX;40
7442 DR;28
8401 GC;9
6951 CC;2
3903 BG;114
9285 SW;74
3817 VK;1
4462 GP;29-A
2371 BP;29
8938 AN;6
1422 AL;13
4462 GS;6
1351 AP;151
3781 AH;60-62
3772 MN;20
2153 GH;5
9723 HG;9
8447 GM;2
1216 SK;14
2641 GZ;1
7102 JE;50
8471 HT;77
3220 AD;190
7206 AZ;5
7021 AG;8
3812 RB;6
3771 NC;18
8023 CE;21
8013 NG;7
8091 CT;496
3881 LS;16
9902 BK;21
8024 AL;3
3781 PD;6
3861 SG;21 A
2408 BZ;5
8091 VJ;53
8031 ES;19
4538 BN;5
1216 GK;2
8028 PS;5
7006 RW;100
5291 AB;85
4538 BN;8
9714 BB;6-3
7136 LJ;103
3565 AV;54
9281 KS;25
7271 AZ;22
8013 PE;61
8071 ZE;16
3784 WG;85
6951 CC;38
8391 AM;69
8075 PB;55
9101 RA;43
7547 SK;175
8938 AP;5
7165 AB;154
4879 NA;2
6971 AP;47
7104 GA;143
6745 XE;13
5405 NB;12
2253 AZ;1
8921 EM;2 4
7482 CL;122/124
1191 AA;37
6541 DA;25
1822 BJ;42
3771 SJ;184
1782 VB;6
8013 PL;3 06
8251 KN;10
6653 KA;1
7665 SH;39
8076 PC;3
7451 RC;7
8072 PB;105
3861 RJ;43
4709 BK;15
9061 CP;44
7263 TC;13
4631 SR;13
6999 AB;27
8042 PV;11
2141 AN;450
3846 AV;25
9723 HM;4
9723 HM;4
7324 AB;51
7397 NK;4
5281 RN;34
6952 DP;1
7429 AX;6
7418 AT;36
8482 JH;67
6741 GB;121
3731 AL;12
3941 JM;30
4112 NA;14
3851 EL;183
5281 RT;10
7202 CK;4
9723 HJ;17
4714 EE;147
4538 AS;58
7442 CX;1
1901 RV;51
6001 SG;-F4
9731 DH;19
3433 PV;1
3433 PV;1
5431 NR;7
9284 TG;18
8253 JP;45
7008 AH;115
3641 RH;43
5443 NB;41
4471 BJ;31
7008 AK;1
3203 LG;1
3566 MJ;192
4401 LA;1
4458 AV;6
8621 DZ;4
3433 NP;9
1435 HW;8
2516 AK;57
4877 AA;41
4451 HS;1
3791 PW;24
8938 AP;6
2321 BM;4
1333 HD;30
3255 LK;4
7556 GZ;168
7521 AD;299
4421 RR;9
3222 AD;62
1901 JG;68
7622 GL;12
3888 MV;32-34
8616 LB;17
1964 LJ;32
1703 DA;17
2132 XT;8
5406 NN;13
3831 RB;6
4905 AA;39
7451 NG;31
6651 ZJ;16
3862 NL;26
7451 PJ;40
2627 AT;63
1976 BR;10
6961 EA;27
3232 LN;18
1222 NN;1
4661 TZ;38
4661 TZ;38
5408 PL;88
1704 RT;1
9076 PT;12
6851 EJ;7 -9
6436 AR;6
8013 PE;55
7463 PA;24
6921 AK;1
3816 GA;11
2215 RC;48
7462 TT;85
6686 DC;23
8097 PT;107a
3232 LN;8
7522 PT;2
5349 AJ;22
4104 AC;12
2316 JW;2
6825 LG;15
7333 NL;1B
3771 SJ;180
1112 AR;15
6004 AR;81
7251 RV;2
7151 AS;2-4
9231 HS;6-
9088 BW;199
8171 PT;19
3771 AB;
3861 NC;4
6551 AC;33
6681 CW;43
9981 ND;55
9281 PS;38
2254 AG;2
9722 AW;42
6681 VX;2
7513 ET;1
2408 ZC;32
1948 NT;45-
3846 BZ;10
9963 PA;17
2635 BZ;66
6964 AK;67
7165 AX;9
8112 BA;1
9981 ND;55
2132 XT;22-26
7151 EG;15
7482 JB;58
7556 BR;20
7161 LC;1-3
1161 KD;83
4104 AE;6
1822 BZ;62
6641 AA;2
5342 PP;3
8028 RB;6
5405 AT;4
9743 AR;144
6681 DT;9
6534 AS;2
4424 CG;1
7481 SH;3
4905 BJ;24
9936 BK;28
2132 WX;2
6651 ZH;49
8471 AB;6
7091 ZZ;24
6678 BE;31
8305 AB;2
6902 PG;6a
5349 AD;5
7141 JL;16
7271 LE;5
4307 AR;41
5466 RL;1
8471 XN;2
1422 AC;5 - 9
5455 HA;3
9104 AE;2
5348 LD;19
4879 AT;100
8251 GD;2
1785 SH;139
3992 DB;4
6003 DH;2
4231 DS;7
1327 EA;3
6882 NJ;51
9872 TJ;1
5466 AB;37
5441 PL;3
7442 CM;15
7463 PB;33
8938 AA;3
7609 PP;4
7141 EK;11
8754 GP;13
7429 AX;21
1185 ZW;28
1185 ZW;28
3812 RZ;11
6851 EM;7-9
8239 DC;319
9723 CB;17
9281 KS;20
6741 PW;26
3641 PD;2
6657 CP;12
7440 AK;
9293 LP;100
8315 PE;8/1
3261 LE;38
3208 KB;1
7141 JG;91
3861 JS;94
6741 HN;40
9981 AK;2
3824 MN;7
8421 PB;4
4104 BK;7
9076 MA;5
2102 LS;29
7558 PJ;47
1731 LS;1
1704 SE;9
2151 CM;4
4451 HD;22
7211 BA;11
7207 BH;5
6851 EH;4
7554 NK;5
1507 DH;104 a
7461 AB;19
2671 BV;107
6572 AL;147
8614 JK;3
5428 GP;1
7102 ED;26
7221 CJ;2
4462 GP;35
1502 BL;136
1775 RB;25
4424 NW;12
7006 RA;5
1333 HD;26
2622 GD;65
3771 NB;6
9723 ED;4
2252 VD;41
7271 CA;7
4693 RE;2
1421 TC;53
7418 BJ;6
7324 BE;53
7207 BG;7
2352 CZ;5
5281 RM;1
1021 JS;9
4112 MC;4
9061 BX;5
3861 CJ;2
1508 EK;4
8392 MS;24
6999 AC;4
9051 VA;2
8304 AB;6
8307 PJ;1
6511 RM;59-65
3208 KS;10
3214 LJ;1e
6651 KR;39
3704 GS;38
6691 EB;225
1785 AG;15
4812 XC;193
3812 NL;31-33
9471 PB;2
2640 AA;42
9713 BV;14
2404 CE;9
1779 XT;14
7554 PK;63
7451 EL;29
2600 AL;462
7214 RB;15
8321 WP;3
1822 BS;18A
1551 AC;55
2223 XP;28
8304 AD;40
8314 RD;10
3821 CD;23-a
7481 AC;73
3927 GH;2
3849 MD;3
4871 EL;12
7223 DB;113
4571 LG;1
6953 CP;14
8861 KS;83
1566 JD;1001
7206 AZ;25
6691 EJ;27D
5431 SJ;6
6994 AJ;46
4462 GL;14A
4153 BC;34
5451 HZ;14
4721 AR;9
7461 JG;51B
7461 JG;51
7554 TD;8-10
6641 AG;70
6566 EX;264
7207 BG;15
3851 SE;3
3861 ND;2
7206 AZ;23
4458 BB;38
9628 BT;2
4873 LH;319
7091 DP;1
7442 DK;4
9983 NN;1
8256 SC;17
2253 JP;420
4401 NZ;3
4401 NZ;3
9047 JD;64
1972 LG;112
9936 BJ;5
7451 CC;30
8446 DB;148
3225 LN;13
6851 CH;14
3565 BJ;17C
7261 AD;18
7483 PE;1
7462 PT;8
7207 BJ;18
9291 NH;28
9723 HG;4
7156 MC;10
8253 RC;1
7609 RA;11
9288 DA;12
5571 EB;85
6585 AJ;116
4623 AC;161
5438 AG;15
6603 CG;863
6902 PR;16
7141 DP;11
7481 KV;3
6846 AB;4
4561 GP;108
9088 AP;11
1976 CX;25
2404 HE;11A
6541 TL;108
5712 AZ;28
8255 RJ;14
3774 TG;6
4706 PN;2
2222 AM;11
4307 CJ;2
3891 ZD;19
9625 PA;49
9625 PA;49
9269 PT;6
9298 RJ;70
2718 SX;20
9284 TS;15
4461 ZN;23
1314 AP;1409
3261 LP;2
7328 JK;25
8651 BH;5
3542 AX;8
3771 ED;87
3861 NC;16m
5298 VC;48
2678 CV;107
6961 LZ;12
8166 KZ;16
8171 MB;28
7204 BH;112
5262 GK;39
6551 ZX;21
6551 ZX;21
9608 PA;5
6644 CL;25
8161 PD;4
4851 SN;8
6911 AS;44a
1391 LA;8
3564 EG;349
5342 PV;11
5503 XS;23
3828 BG;114
6626 BH;8
4104 AP;3
6658 KP;6
4706 PB;54
4706 PB;54
3861 SN;26
5427 DD;55
3439 MX;3
6691 AX;12
4825 BK;1
1211 AC;52
3772 MN;22
9723 HG;2
9471 PL;28
1098 BS;42
2352 BZ;22
2132 NG;763
2371 CP;91
4704 RV;14
4536 HK;31
2152 CX;56
6951 GL;48
9951 SC;7
6902 PX;5
6902 PX;5
7383 AS;54
3433 NL;16
9751 TH;72
3214 VP;6E
7025 ET;39
3235 NG;17
5443 PA;2
3861 AJ;5
9231 AW;54
6902 PG;2-4
1454 AV;20
2288 CV;17
4116 EC;6
1704 RA;14
7065 BS;3
9281 KJ;1
8731 DZ;2
4622 RB;9
5627 BT;2
9172 PD;9
7609 PK;457
8071 SC;
8316 AC;8
7261 AE;14
8308 AB;10
4824 AT;95
9723 EN;68
8172 EC;84-86
4704 SB;2
8085 AJ;100
8321 WS;4
9723 HL;29
8447 SL;55
8938 AR;1
9723 AZ;54
8491 PB;1
8251 KP;41-43
8466 SL;51
3144 CB;2e
7483 PH;34
1432 CE;10
1271 BG;53
3771 PD;48
1314 AX;15-22
4705 RS;2
3233 LM;3+5
5349 AJ;22
8501 XD;15
5482 WZ;20
8167 NH;7
4624 JK;262
4571 RW;-Zuid18
5431 NR;1a
3433 NN;4
4817 BB;141
4566 AG;22
3439 MC;5
7607 TS;7
7041 GA;20
8471 RK;24
8912 AV;22
7418 BJ;2
2331 AT;24
8861 KL;16
9113 AV;25
5373 BV;7
3893 GB;23
8936 AA;8
7336 AR;166
2611 CS;17
5625 AE;84b
1211 EE;96
3846 AM;4
8071 RB;11
1231 KE;158
8938 BH;31
4538 AS;32
7544 RG;230
7556 BS;10
7544 RG;230
2645 ED;2
9473 TE;18-20
3864 MX;5A
7512 HL;01
3776 PX;8
7437 BP;22
5397 GN;58
3871 MS;8
4551 LH;30a
1901 VW;2
9231 DX;18
9288 GH;58
2032 ZG;3-5
7103 XN;68
2394 AC;57
8304 BP;2
5121 JC;109
4538 AR;4
9731 BT;26
8831 ZM;9
5431 SM;18
1185 ZR;2
4462 ES;77
8466 SL;53
8445 PE;5
8601 WG;6
2101 HA;7
5411 AT;97
2401 LK;22
2408 AL;27
3861 MA;59
5349 AD;20
5048 CG;10
3704 HN;40
9991 AD;1
5384 VZ;78
7523 WB;1
8861 CK;31
9206 AG;29
6136 KR;9
2222 AH;9
6902 PH;5
3232 LN;3
6651 ZH;67
7333 NC;299
6118 AP;3
2676 AW;15
7207 BK;25
9482 WG;7
2032 LS;4
5731 AG;38
8051 DD;11
7007 CJ;32
1502 TH;38
2274 PA;211
4905 BJ;42
6861 ZZ;53
8823 SJ;14
3641 SB;15
1781 NR;2
8465 SJ;12
3769 BX;58
9901 ED;45
7211 CC;87
3772 MN;34
6101 KA;12
6118 AP;3
1105 AT;16
2172 HV;16
5674 AC;2
1704 RH;29
6191 NA;7
9919 BJ;25
2132 AB;97
5430 AB;5
1211 LV;9
7005 AG;18
7261 AH;11
8051 DD;11
7461 AH;138
1216 TK;2
4318 AM;61-63
1043 AH;40 42
9045 PG;53
1394 AH;141
9100 AB;160
7000 AG;39-41
6658 KH;34
7335 PB;61
6824 CK;437-441
2585 XM;53
6991 GA;7
6681 CW;34
1701 KN;19
4704 SB;6
6584 AB;10
1216 GK;14
4711 HX;30
8375 HP;10
1719 NK;16
8938 AS;8
7443 AB;53
7482 VP;-Heinstraat18
6953 KG;6
3202 SE;4
1531 NA;3
1188 XD;137
1822 BE;9
3222 BH;141
8013 RN;4
9902 AZ;7
8225 SJ;3102
8256 DH;101
8013 PM;3
4515 CN;18
4741 RL;6
4704 RK;41
8253 PC;34-36
4543 BK;29
3831 AL;14
8084 GN;7
2627 AT;91
6902 PC;7
7206 AZ;7
7391 AM;2
1704 RN;15
8071 DD;101
1185 ZV;10
8448 CM;8
8171 MB;36
7141 DD;17
6562 AR;12
7333 PC;27
6902 PR;16
4815 HR;7
2676 AW;15
1096 AK;51
1214 AT;73
3223 LN;3
5281 RV;21/
3225 LN;5
8938 BC;19
9231 HZ;6
1183 TG;N93
3851 BB;64
2031 BB;12
4538 BN;7
8013 NA;1
1046 AG;4
8701 PN;2
8447 SP;8
7005 BN;60
2627 BA;5
4587 LG;75j
1187 NK;260
2676 LJ;34
6657 KD;21
4104 AV;7
8444 AL;2323
3732 CN;7
5262 GJ;12
7102 JL;44
1161 AA;7
1742 NW;110
3181 HA;38
7207 BG;1
1101 AG;30
6741 PT;22-24
2516 AV;5-7
1216 GK;14
6651 KS;4
3861 SK;18-20
1775 PW;49
5627 BS;18
6545 AJ;60
3861 KD;77
7271 LB;1
2516 BE;50
4704 RK;100
8022 AD;18
8042 PB;11
7037 DJ;25
2595 VD;39
8501 ZR;10
7552 BE;22
2351 AE;151
9288 XJ;10
6882 LG;22/24
5281 PS;2
7553 HG;177-179
3208 KP;45
9723 HC;15
5408 PH;2
6515 AK;3
7201 ES;18
5409 AC;2
5409 AC;2C
1723 LJ;2
7606 GB;8
9207 JT;3/19
7211 EB;73
8304 AE;9
7336 AR;188
7031 HZ;1
8051 DA;6
8013 RD;17
8243 RD;66
8525 GD;54
3991 AS;3
1761 AR;10
8171 NV;2
7481 EW;27
8447 GN;8
7141 JE;37
4431 NL;10
9731 AW;9
9113 AN;6
8444 DC;8a
9939 PB;41
6662 NG;5
8938 AD;1
1185 XX;2
1185 XX;2
2321 BM;18
1175 KM;113
1175 KM;113
7559 PJ;18
8938 AA;36
8255 PE;66
5628 TA;7
1704 CB;32
4731 CN;42
6983 BR;15
8931 BM;1
1796 BL;10
7101 JM;11
3433 NP;9
7418 BZ;2
1033 SM;8
8471 EM;144
9731 BK;29-33
3641 SR;93
9743 AJ;15
7202 BS;2
8043 TD;204
9933 KB;5
5296 NV;6
4813 EE;83
5406 XP;35
5672 AB;59
9753 TB;8
6825 EB;73
8013 RL;27
6658 KH;38
1785 AJ;17
9745 EA;174-7
1031 HX;49
3881 HC;53
3861 BW;53
7482 DD;19
1704 RX;27
7241 KR;2
8451 CD;13
9471 GJ;15c
3882 MG;3
2715 NE;91A
8471 AB;8
4538 AX;3
9601 LJ;12
9902 AJ;68
1216 SL;301
3194 DG;126
8531 XJ;9
4462 GT;19
4702 JS;6
9231 DX;24
9721 BK;36
2181 MG;15
7004 EA;43
8938 AJ;14
7481 VH;12
1521 RK;11
5281 RN;22
8924 CZ;25
4462 GS;1.04
1931 BK;8-10
3785 KV;44
3991 AP;24
8448 CH;27
6827 BH;5
7461 JJ;9
4421 PV;9
1184 TB;17
3247 CL;41
9722 BD;4
1311 RK;4
4704 RK;36a
4000 HB;5
9231 DB;3
1704 RD;8
9902 RL;7
6546 AS;1178
5403 PA;10 A
8701 MH;202
8097 PT;99
3881 LS;2
5327 KT;2
3433 NP;9
7554 TT;7
6665 CH;56
8162 SC;175
2803 PA;49
9723 BX;144
2600 AA;41
5260 AC;
3771 MA;99
8041 AL;24
4131 NH;12
7391 AM;45
6644 KK;8
2612 CL;33
2401 LH;2
7554 ND;20
7466 PK;2
7141 JL;12
8938 BE;31A
5626 DD;21
8304 BP;10
9950 AC;9
9950 AC;9
7333 PB;76
3771 NA;5
7007 CJ;12
3846 BL;20
3800 AJ;30
8486 GC;56
6741 GL;99
9291 NH;10
1521 RD;30
2231 PX;7
6741 PT;8
1339 CC;11
8219 PZ;120
1105 BJ;22
2161 LE;33
5341 AE;38
3812 PL;121
8447 GJ;14
8141 GN;27 -
1411 AG;31
1314 AX;15-26
8531 XH;17
5831 AK;16
8701 MC;114
7554 TK;11
7582 PT;24
3281 NC;9
2041 CK;34
6951 GZ;15
4431 NK;49
5361 CV;107
1175 LK;117
1185 ZT;7-9
1014 AJ;29a
1101 AR;15
3641 SG;9
2981 EA;1
5438 NS;18
6515 AB;40
3771 ME;16
2231 NZ;2
8317 RL;2
5466 AC;30/8
6604 LA;1003
5347 JP;25
5347 KP;18
5692 BB;2037
5048 AB;9
5466 RR;7
5465 TD;4045
5503 LS;20374459
7336 AZ;90
3862 PB;115
8251 KS;29
8255 PR;26
2641 PM;9
8196 KC;91
3771 LN;4
3734 EE;139
2717 CX;50
5411 LP;3
3871 AN;21
2635 CA;1
6651 KR;12
4704 RM;21
3774 RN;21
7300 AH;
3846 BN;36
3903 KB;44
6541 DC;8
5298 CV;32
8071 CS;75
3205 CB;215
7411 MA;23002
8251 JP;53
3991 ZT;6
6004 NJ;156
4905 BK;13
7151 HD;9
7313 EX;29
1561 DE;49
1261 TA;2
1261 TA;2
1185 XW;75
6603 AS;14
9101 RA;37
9231 JV;25
6545 CG;66
3197 KM;27
3815 KM;5
3198 LS;5177 612
2718 SX;34
9231 DZ;20
8077 SV;10
2500 ES;
5089 NT;7
2629 HG;376
1791 MC;3
3771 NA;23
3433 PH;87
8251 MK;40
8013 RD;27
4255 GE;37
5674 TB;42
8701 PP;6
6596 DP;3
9231 DX;25
3846 CG;26
1335 KK;52
6883 JC;6
7418 EE;6
1213 VB;13
7332 AJ;49
3230 AB;50
3771 MJ;1
3771 LK;113
7550 AJ;373
3771 LB;138
2616 LZ;18
7336 AX;110
8383 EG;18
3972 CW;26
5431 NN;14
6541 DN;6
4704 SB;9
4704 RE;51
3241 LR;10
5281 RT;12
1185 XW;69
6952 ET;22
1099 DG;2
3233 XJ;5
1316 BR;33
6826 TS;7
6662 PS;3
8223 ED;34
3951 LB;18
3891 KA;3
3709 JH;2
1316 BR;33
6826 TS;3
6716 AE;111
6534 AR;150
6826 TS;7
6534 AR;150
6836 BA;15
3709 JH;54
3709 JH;54
6836 BA;15
3565 AB;10-16
9247 AX;1
1114 AM;28
5613 DX;9
8013 PM;5
3542 AK;27
6222 NP;66
3439 LD;9
4704 SR;2
1316 AN;11-33
7521 SB;70
4815 AE;79
7418 EE;3
1014 BB;52
6161 AG;90 a
5705 AK;238
6826 TM;5
8912 AL;5
8441 AG;7
5349 AH;51
4905 BH;35
1704 SZ;4
2288 EK;9
3846 CD;62-68
2665 PC;47
6136 XS;61a
1786 RA;19b
7333 NS;38
3861 NB;17
6316 XA;61a
6136 GV;116
5015 BB;15
2171 KX;9
7102 DX;9
8304 BP;12
8601 VA;4
3861 NB;17
1948 PL;59
2627 AT;93
2516 AK;11
3047 AS;82
2031 BH;3
1185 XW;93
8042 PJ;3
6662 WB;8
6136 KR;20
9936 BK;24
3225 LX;1
5431 NS;21
8042 PJ;3
2171 KX;9
2222 AB;9a
6541 DK;88
6136 GV;140
5298 VB;65
6687 AT;47
9902 BK;19
6686 DM;6
6582 BZ;7
2403 AA;29
8938 AW;4
1099 BB;69
4538 AL;4
3846 BS;14
4251 NW;2
8476 ER;87
6658 KX;14
2645 EJ;62
8938 AW;4
3641 RL;56
1216 TK;18
3999 NS;28
4107 LJ;36
4104 BE;7
3772 MN;28
7483 PD;21
8239 DD;1
9723 TG;12
4462 GA;15
7442 DR;4
8531 NH;1
5431 NL;11
1175 RJ;20
2718 RS;150
2718 RS;150
7255 MP;2
5281 RE;5
1423 RX;32
7005 AG;9-01
4571 CV;1
8471 XL;43
1934 PW;282 A
1773 AR;97
3705 CL;222 /
3218 XT;2
6971 EV;190
8252 BG;16
3227 CH;7
3722 JR;18
2289 CM;8
3225 LV;12
3851 EC;173
9289 HJ;21
6681 CW;5
3225 LV;10
5363 SW;9
3641 PD;2
5384 JS;13
7006 GA;1
5361 HZ;5
5431 SP;11
7204 EW;129
4731 SC;8
7231 DH;6
3861 SM;2
7481 PC;7
8255 PA;1
8191 JP;8B
7442 CW;43
2811 AJ;67
7554 TH;18
1976 CK;39
7203 GN;74
3812 RW;49
6826 TP;19
3846 BN;30 -34
7421 ZT;2
7008 AS;1-3
6716 AA;118
6662 NK;86
8301 AJ;12
8162 AT;204
3846 AV;17
3846 AV;17
7481 HJ;173A
7007 CD;12
7141 DN;6
8071 RC;40
8013 PE;43
8162 AT;204
7513 EL;159
7609 RD;1
7543 BG;10
9723 HK;30
3712 DE;6
3712 DE;4
6673 DN;4
6581 AJ;37
9108 MC;5
7442 CV;10
7251 KX;5
3705 HK;126
3781 VD;10
3860 AB;92
9231 DX;36
3861 RE;8
3882 TP;-West19-21
3861 RG;47
3433 PN;7
1521 NA;4-6
7332 BL;31
6732 GL;10
8701 WT;4
6222 NL;275
8091 BT;133
7045 AJ;4
2382 NW;30
4311 RM;16
3927 AB;27
3774 CD;80
6741 PW;6
1704 RW;32
8162 HH;23
1785 AG;2
1216 TJ;1
1940 AM;2
9723 JE;4
6541 AD;18
2408 AK;43
7481 GD;16
3771 MT;8
7005 AP;17
2223 KD;30
2718 RG;15
3641 RH;50
2132 VX;4
5481 XL;1
6551 AC;9
3851 SH;14
3214 ZG;36
3227 CG;20
2231 BT;2
3772 TS;76 d
1935 AH;81
1046 BC;10
8171 NS;26
2516 BM;30-32
8171 NS;22c
7391 MK;119
4196 AM;54
8251 JR;16
7914 RT;31
1704 RN;5
6532 SZ;100
4538 AN;49
7008 AS;21
2131 PZ;10
5628 CH;307
6831 AH;38
6562 AS;10
3771 MG;11
8239 DA;50
5405 NB;15
2641 KH;6
3225 LR;1
3220 AB;91
7136 LJ;103
3565 AV;6
8822 WX;14
6964 AK;67A
3421 TV;15F
4571 RW;10
5427 LC;2
6974 AH;129
7211 EE;98
3731 GB;369
8256 SM;66
1704 RN;3
3897 AJ;6-M
8304 AA;7
3234 LC;4-
6971 GV;32
1705 RA;57
3585 LA;135
5405 BR;4-6
9207 CJ;150
9201 JW;52
9936 BW;9
8321 MK;28
5735 BG;7
7602 CV;34
1316 BR;22-31
3824 MJ;20
1096 BR;1-4
7324 AT;212
6827 BP;15
5684 PP;7
4815 PS;20
2516 BB;257
9207 GL;13
8253 PP;50
5626 DK;7
5628 RA;4
8304 BA;2
6161 DE;61
3846 BA;7
7553 GH;87
1221 HH;131-165
6461 HZ;5
8243 PX;29
4337 RA;4
6534 AJ;32
4704 RG;40a
3534 BG;2
2292 JE;3
2722 NA;34-36
8013 RS;3
5735 BG;7
1042 AA;8
1822 BR;2
7602 CV;34
1332 EB;73
1316 BR;22-31
3824 MJ;20
1185 XT;1
7324 AT;212
6827 BP;15
5684 PP;7
4825 BC;101
4815 PS;20
2516 BB;257
7418 BG;19
8253 PP;50
5628 RA;4
8304 BA;2
6161 DE;61
9723 HP;4
3846 BA;7
8448 CE;7c
7553 GH;87
1221 HH;131-165
4131 LV;7
3401 MB;12
6461 HZ;5
8938 AD;5
8243 PX;29
6222 NZ;80
4337 RA;4
6534 AJ;32
5061 KB;12
4905 AZ;6
4704 RG;40a
2171 KX;11
5049 NL;533
3534 BG;2
3526 LB;100
2292 JE;3
6603 BW;14
1507 DR;11
2722 NA;34-36
8013 RS;3
5735 BG;7
1822 BR;2
7602 CV;34
1332 EB;73
1316 BR;22-31
3824 MJ;20
1185 XT;1
1096 BR;1-4
7324 AT;212
6827 BP;15
5684 PP;7
4825 BC;101
4815 PS;20
2516 BB;257
7418 BG;19
8253 PP;50
5626 DK;7
5628 RA;4
8304 BA;2
6161 DE;61
9723 HP;4
3846 BA;7
8448 CE;7c
7553 GH;87
1221 HH;131-165
6461 HZ;5
8938 AD;5
8243 PX;29
6222 NZ;80
4337 RA;4
6534 AJ;32
5061 KB;12
4905 AZ;6
2171 KX;11
5049 NL;533
3534 BG;2
3526 LB;100
2292 JE;3
6603 BW;14
1507 DR;11
2722 NA;34-36
8013 RS;3
6931 KA;1-3
3196 KH;53
4374 EK;23
1394 BL;37
6658 KZ;5
3769 BT;38
3237 MG;-Noord7b
2622 AP;60-62
2215 VG;61
3771 MB;42
3846 AW;2
9057 LJ;11
9781 DA;31
6951 CH;54
5692 AG;1221
2133 HG;59
2135 AA;711
5363 VD;7
3781 PL;36
6521 CC;71
4104 AK;10
1779 XN;53
3861 SG;10
1458 PM;29
1521 RH;82
7605 AJ;152
3439 NC;6
2288 EL;30
2031 BJ;55
8223 EG;18
5466 RB;15
7000 AA;
3817 HB;49
8397 LB;33
9723 AW;23
6581 AX;5
6581 AX;5
6951 KN;7
1786 PP;18
9723 BX;134B
9222 LH;10
7301 EH;
7554 NG;31-49
2992 SB;57
7602 KK;295
6534 AG;50-
6836 BA;70
5628 DB;99
5628 CM;66
2645 AK;1
1076 CM;22-24
7324 AA;38
1114 AJ;2
1032 LJ;6
7064 KN;1
6135 KV;61
3194 DG;116
6531 HW;174
7461 CA;10
6971 EK;161
7559 SH;9-9
9951 SJ;4
6545 CG;52
6522 DJ;94
3961 NJ;8
4421 RR;3
6826 TN;40
3011 CB;8
6691 EE;283
9261 XC;4
8071 AH;88
1422 AE;20
1948 NV;99
1981 LE;12
8304 AV;4
3705 LZ;8
1332 BH;3
5628 BS;3
4251 LD;37
3542 CN;51
3506 GD;
5464 VA;5
1432 BE;340
3194 AR;11/13
8938 AA;26
7006 AJ;40
2131 LX;15
9321 MJ;6
6581 AJ;36
8761 PC;26
4104 LH;1
3992 DB;12
6580 AA;42
3194 DG;26
3433 PV;1-B
8304 DZ;12
5282 JH;15
7412 EJ;2
8881 HC;8
5046 NK;15/17
1718 DC;10
1795 LB;67
4543 PJ;4
7211 BC;8
1161 BW;95
4322 BK;7
1033 SM;24
8013 RK;9
6852 BC;71
7722 GA;22
4462 HE;21
3902 HR;46
6921 EW;34
6931 EZ;46-48
8936 AX;6
7021 BW;48
8161 KA;9/16
4251 PT;6a
9231 HS;6
1781 AG;1
3437 AE;94
7336 AZ;50
5281 LV;2
3194 DD;123
2627 AN;13
2516 AA;
3225 LR;18
8471 XM;22
4921 SC;4
3207 GT;114
1521 RG;46
1332 AE;9
8211 AJ;49
7312 CV;273
8253 PJ;34
8447 GH;32
2231 ND;85
3812 SZ;17
1560 AA;13
9675 AP;129
3232 LN;1
7332 BL;41
4586 AC;66
8256 PK;12
4305 AJ;5
5281 JV;9
5664 EE;199
6132 CA;27
7102 EM;1
6651 KB;129
3905 NN;4
4708 AM;106
7005 AM;15
3846 AN;8
9616 TB;83
7554 TS;22
4251 NK;1
6971 DT;3
4530 AA;19
8071 RA;10
4462 GP;12
3194 DD;23
7825 AC;24
9902 RM;37
5281 RZ;16
4194 TG;5
6831 AJ;80
3553 EP;600
3776 MJ;46
3862 PH;4
2394 AJ;110
6541 CV;7
6983 BR;15 a
2718 SV;231
1433 WE;22
1023 NG;253
7007 CB;71
4530 AE;206
4538 AE;20
3774 RM;178
4882 KA;13
3232 LN;23
3191 ET;11
3861 RJ;18
7108 AL;14
5281 LL;24-25
6651 GP;23
1821 BZ;12
6691 EK;10
9231 DX;10
2718 AB;223
4538 AN;51
6651 KD;155
7475 AT;19
3771 RZ;18
8701 MC;110
8471 AA;3
1785 AG;5
1823 DL;12
1704 RL;8
2627 BB;16
9932 BD;12
2037 GK;3
3250 AB;2
8019 AD;30
2600 AB;2
6921 RZ;69H
8031 AZ;16
8031 AZ;16
8031 AZ;16
3899 AH;26
8938 AE;36
3225 LD;2
3433 PR;10
3181 HK;46
8251 PJ;17
8243 PX;34
5371 MX;47
4538 BR;10
2627 AW;20
2627 AW;20
1118 CL;20
1171 RC;285
3851 SK;6
7451 HG;6
3114 HB;7
8471 AA;6
1786 PE;8/10
7200 AA;
3503 RD;8185
8055 PB;76
3818 GZ;8
3846 CC;35
2675 ZG;32
2495 BD;-gravenmade9
2627 BA;12
2627 AN;60
8465 RX;6
7202 BX;60
9981 ND;51
8304 BH;29
8861 KH;2
9271 CK;40
6851 TB;4
2408 BZ;11
8014 BK;3
8251 GD;8
1175 RJ;14
1114 AE;89
5431 DA;1
0000 AA;48
8253 PA;26B
3882 BV;104
1216 SL;347
6581 ET;154
7211 ES;31
8218 NJ;96
9931 AA;34
3851 RZ;11
9281 KM;2
3515 GB;2
3194 DK;1
8071 RP;116
5628 CH;305
6657 KL;10 03
8253 DB;4
1047 AZ;37
4202 MS;39
1081 KC;10
6581 AX;
1704 SL;38
2718 TC;250
4306 BJ;11
6641 TE;5
2130 AC;290
8305 AA;3e
7321 AD;150
7214 RH;2
3821 CD;25a
3132 AA;14
3771 NC;41
2131 MB;855
1217 GP;45
9621 TK;5
1817 MS;9
1822 BN;65
1333 HA;1
5361 ME;1a
3439 LD;150a
1171 VA;100
6135 KJ;12
5026 PA;506
1507 CH;6
2718 SV;15
7207 BJ;35
8013 PZ;7
1056 CH;323
3201 LG;28
2516 BL;362
3771 MT;7
4462 GC;20-22
4104 AJ;2
2509 AG;
7335 DP;168
3439 NM;12
8252 CJ;82-86
1759 LD;3
8101 PN;231
8255 PJ;5
6603 BW;5
6651 ZH;14
1086 XP;17
2252 VW;8
1161 KD;103-C
4706 BL;17
7559 SC;202
6991 AG;51
5627 BS;5
7075 EA;13
1704 RW;32
5431 SP;9
3641 PV;29a
3812 RJ;15
8394 VM;44
1934 CC;55
8471 HS;-West69-71
8378 JB;12
6541 BR;5
2251 AG;1
1704 RT;4 b
6681 DP;54
4251 LK;8
8472 BG;1
6826 TS;13
3846 AT;15
3861 NJ;28-30
6956 AV;4
2132 PZ;192
6662 NX;12
5431 SM;10
3771 MP;20
3771 MN;35
3853 JW;46
3825 PH;24
4815 HT;74
1216 SK;2
4904 SH;15
8013 PK;17
3771 AH;19
1817 DC;29
8923 EL;2
6956 BA;25
1059 AL;54-56
2411 NR;19
8162 AT;194
6503 GB;2
9231 DZ;9
3846 AM;6
7609 RD;34
8384 GH;12
5845 ED;31
9738 AJ;2
1064 EB;2
7333 NX;30
3241 MA;35
1713 GL;20
7131 PG;5
8162 AT;194
8162 AT;194
1724 BD;8
3191 PK;10
5633 AC;216
1401 ER;52
3771 MA;113
7442 CS;3
4251 LJ;4
3771 NB;44 -46
1704 RL;6
1521 RC;12
1118 LM;13
1021 JN;126
1333 DB;15
7547 SK;167
9723 BM;5
1327 CG;24
8031 ES;17
2491 AG;205
2491 AG;207
3433 ZW;130
4207 HM;4
2671 CL;36
4614 HB;65
4462 GL;
6545 AB;84
4703 KW;263
5402 CK;60
2404 HA;12
7418 EC;2
9936 BK;28
9101 PB;
8938 AE;2a
9713 EH;307
1704 RL;6a
8447 GC;2
8938 AE;2
9641 KV;2a
5349 AH;-Oost11
5653 LC;15
3861 RH;25
8304 BD;27
7333 PE;1
6826 TM;23
7006 RE;58
7131 PG;11
7461 AD;23
7602 RG;35
7602 RG;35
3812 PM;66
3542 CH;36
3771 MB;6
4817 ML;226
4905 AA;33
3846 AM;2 -4
3821 CE;4
2761 BR;57
8028 SB;7
6003 DB;29
3439 ME;13
3565 CB;8
7322 BA;1
5046 AB;193
5705 AD;183-185
5466 RE;1
4538 BT;8
4704 RG;16
6662 NE;2
6545 AJ;38
1043 AN;65
1046 BE;11
1785 AK;2
1948 ND;21
2401 LK;60
3233 LP;27
3641 RL;56
6902 PG;10
3439 LD;64
7400 AD;169
2497 GM;365
7451 PJ;2
6641 TA;4
2516 BB;297
2509 CX;95936
2136 NJ;6
9284 XL;3
7609 TH;11
8304 AV;7
3985 AE;66
3861 RR;25
6651 ZK;155
1341 AA;19-21
2203 JP;53
1785 AA;4
8253 DV;32
6661 KB;-NOORD35
6603 AZ;6
2496 PJ;12
7364 BT;24
3194 DL;15
3232 LB;17 a
1784 PJ;26
3774 JC;59
1774 MK;17
9723 EB;55
2121 GP;5
6923 AA;3
8483 JP;264
7437 SL;3
4921 XN;70
6691 BA;70
1794 GV;3
3871 MV;30
1786 PV;42
1901 ML;3A
1934 BH;273a
3771 PA;9
7482 AC;14
4921 CL;28
3227 AH;9
5437 NB;3
9745 BN;22
8801 BS;5
1333 SM;14
5004 EB;44
8385 GC;53
3199 LM;101
1105 AL;4
2408 BZ;11
1118 EC;1
7483 PH;21
9104 EW;13
6191 NC;27
7300 AP;
7461 TP;7
4538 AM;17
8161 PG;4
3774 SE;31
7336 AZ;96
7451 CB;23
2612 CA;1
1327 CG;20
4301 XZ;19
7251 HK;12
6631 AC;4
8243 PS;42-44
1521 RM;38-40
8309 PH;20
9287 LC;99
7102 EL;2
2641 RL;10
8223 EE;33
8162 AA;23
4901 KN;41
9283 XR;4
3034 KH;19
6971 KE;136
3089 KH;74
2031 ER;61
9723 BK;127
4941 VN;61
1105 AR;12-14
6826 TR;26
5657 EA;61
4704 RK;96H
2665 KX;12
6136 KP;2
9723 BK;141
7556 MZ;20
1311 GB;7
8221 RC;1-17
3771 NG;19
2861 TZ;605
1111 AA;
5076 RA;10
4815 PR;8
7005 AG;52
1079 VM;30-32
3861 SG;11
3843 AA;31
7333 PB;84
6534 AM;1
7466 PK;2
3454 PE;12
3565 AV;7
2408 AW;26
2321 HX;128
6826 TP;5-9
2491 BC;120
9231 AR;7-9
8256 DH;86
9281 KK;15
4538 AD;60
4462 GS;6a
6562 AP;
5845 HC;2
8243 PH;34
7554 PB;130
6911 AG;7
3208 KH;23
7554 NG;31-49
1704 RD;2
1423 AZ;154
7221 BK;24
1333 HD;6
8903 JM;3
5431 NN;11
8251 RT;10
1701 VL;4
3261 LB;19
7241 MA;63
3927 AA;29
8242 BA;118
2031 DC;70
3781 AT;90
4451 HS;10
3776 LN;49-51
3771 MK;8
3774 JH;150
3241 MG;4A
8305 AG;10
3222 BC;4
8181 LN;3
8072 PD;104
8531 AG;2
8316 AE;18
2132 NK;712
6942 GS;39
8938 AG;51
8938 AG;51
8171 NT;9
7601 PH;45
8042 PV;11
7141 LG;70
8091 CM;469
9727 AR;154
4941 BA;3
8304 AD;5
1704 SV;17
4841 PA;4
1033 SC;16
9678 PK;157
1185 ZJ;14
9936 EG;3
8223 EC;9
4902 TP;18
4413 NN;1
7156 MS;22
7622 AZ;31
6902 PR;20
6902 PC;45
9723 BT;46
9951 SC;11
1171 CR;2
9936 BR;2-4
1076 DK;59-61
8551 RA;4
6681 DR;80
7550 AJ;
5674 TW;14c
5674 TW;14c
6617 KR;2
8938 AR;6
1764 GL;14
1831 EK;5
3931 EJ;31
6511 SW;8
1075 NS;58-60
7396 BB;2
8013 RT;55-57
1738 BH;47
1704 RD;7
6132 CB;43
9271 AK;3
3232 LN;55
1786 PG;14
4561 PH;2
9105 LJ;6
7312 GB;1437
3151 AE;50
9291 MP;13
2116 EP;365
3851 SK;18
1791 XJ;170
6523 NZ;297
7041 CS;74
3864 DW;62
2640 AC;138
8166 KV;10
1212 AC;183
5431 ED;13
6741 JT;14
4793 RS;8
8085 AH;82
6678 BE;31
3851 BD;24
3233 TB;39
8042 PJ;1
1784 JH;1
8024 AG;57
8471 RK;24
6891 BG;104
3238 BE;17
3871 MS;6
1184 TB;17
4560 AE;242
4321 AC;16
3194 AD;19
8084 PB;7
3853 NJ;261
3781 GN;9
8307 DV;6
4112 ME;2-4
6562 AP;15
8081 HL;15
9626 BD;21
2636 CJ;56
1014 AK;28
7322 AJ;5
9321 TB;57
1251 ZZ;10
6902 PH;1
9915 PD;28
6691 MD;6
3961 MJ;3
1796 MP;2
1069 CD;15
1175 RN;18
7442 TC;79
6031 RN;5
7443 RM;7
6921 RC;9
4571 PT;31
4307 BN;6
3431 BM;17-19
3194 GN;3-7
5591 TN;11A
2143 CA;821
1328 LA;25
1704 RA;8
1911 HA;35
9231 HS;4
2131 AC;34
3774 LK;1 a
9785 AC;36b
6843 JB;4
9731 BT;38-40
3843 BC;20
2153 GH;11
7007 CN;4
4825 AT;10
6596 DP;29
1216 CA;419
6883 GL;27
8471 PX;109
4824 AG;25
1817 EL;26
5409 SC;125
9745 EA;160
2321 BL;45
3247 LB;21
6827 BR;16
7711 GX;5
1521 PS;2
6129 EZ;18
3208 LB;3
6626 BH;2
3208 LD;12
6587 AZ;20
4493 PG;2
6581 TJ;5
3781 GB;32
5626 AE;1067
5408 AA;35-37
2291 EE;4
6543 VA;121
3833 GP;14
2622 NA;38
4538 AG;37
4538 AG;37
6641 TA;5
4543 NM;51
3232 LN;14
3833 GZ;1
8239 DA;2n
2752 BB;11
5437 AD;2
6862 WE;121
7331 BL;32
3235 XD;8
9923 PG;2
9909 AC;7
1794 GB;52
8071 AK;192
8085 PG;73/
9723 TD;14
7554 TR;68
3227 CC;44
7466 PJ;5
1115 AD;27
2201 CW;11
6921 GX;41
2441 HA;42
6658 KK;86
7204 ET;2
4631 RB;90
8055 PT;57
3176 PR;6
2243 BB;22
2121 GP;5
8401 DM;85
6151 EB;2
2222 AB;47
1787 AW;72
1976 CV;50
4902 TL;41
2441 CG;47
8938 AM;14
9076 PT;26
4815 HT;72
1185 XS;9
8171 MC;1
1851 PW;2
7204 ET;2
1432 CM;243H
1421 NT;44
5616 HP;7
2161 DH;448
1822 BZ;66
8317 AZ;4
6511 CZ;41
7011 JG;34
9791 DA;4
4571 SH;38
3225 LP;4
6585 KD;48
3772 WJ;17
1046 BV;13
1216 BN;75
7161 AG;21
1180 MB;9078
6826 TN;28
8251 GD;85
1751 HG;3
6951 KN;18
6603 AD;184
1934 PW;282 A
3237 ME;-zuid5
1862 XD;2
4911 BA;67
3905 NR;39
3234 KC;2
1171 VH;260
6690 AA;26
8938 BB;2
3999 NT;62
6851 JE;30
3225 LD;7
7442 DD;1
7481 HJ;199
2042 GH;2
6691 CR;22
7141 DD;13
6971 GV;28
3772 MP;37
7200 GZ;
6551 ZZ;44
3505 AB;10080
7137 PA;5
1182 JR;1
1018 LL;11
3771 ER;2
1111 HP;2
8250 AC;100
6651 DA;1
7483 PG;3
3841 AA;56
6680 AA;
6585 AP;6
2201 CT;15
6915 AH;5
1420 AA;8
3230 AC;36
6658 AG;11
8471 AB;60
9285 VV;1
3851 NT;2
7461 TJ;93
8121 BM;5
8471 XL;24
7602 EP;50
6604 BT;47
3771 MH;7
3284 AT;3
3201 AB;42
3180 AH;1300
8256 SB;9
8251 PJ;1
1777 HV;5
4104 AZ;23
2544 CW;16
9902 AE;3
8304 BH;22
8255 KK;11
4451 HT;66
3247 CL;49
3260 BB;24
6561 AS;116
4902 VR;3
7482 ST;28
1183 NN;2-4
1185 ZK;2
1183 NN;2
8162 BC;5
1822 BB;2
1216 SL;299
8071 RB;9
2361 KX;5
1785 AD;06
1013 BG;7
7004 HP;4
1786 RA;15
3553 HT;10
8071 CS;47
3774 PC;15-2
8251 JR;14
8255 RR;10
6816 TG;35
9932 BD;29
9932 BD;29
1362 JA;1
9723 JK;8
9987 SJ;83
9248 SE;24
3709 JM;2
4551 MC;8
4554 LC;129
7421 ZA;1
7241 MA;3
7131 PP;1
7241 MA;3
1183 WL;15
6584 AC;59
7151 HZ;12
7141 TG;65
2514 BX;5
4542 RW;1
7006 RM;60
6951 KM;15
6564 AC;10
7735 KC;11
3861 SG;7
8243 RD;2
3771 NA;17
3861 RG;4
7552 PA;157
3961 MS;8
3774 BR;6
3194 AG;19
5085 EB;10 A
3194 DG;92
7533 BM;425
3862 PK;10
7102 DW;24
3785 LE;46-a
6658 AD;14
4551 MC;10
9902 AE;4 5
3861 VS;9
7004 HJ;267
2516 BE;
7137 MV;3
4903 RH;15
3774 JR;84
6581 AD;49
8218 PX;4
7442 DC;2
6996 AH;10
9321 XL;27
2711 HP;266
2406 BT;41
1181 GX;110-1
6827 BH;11-F
6831 EL;117
4611 MJ;23-25
4815 PN;7
1781 GG;24
7001 AC;59
8302 ED;30
4876 AH;43
2801 HW;23
9712 HM;72-74
9742 AN;246
3841 AR;16-22
3232 AP;48
7551 CG;1
8442 BJ;9
2225 BL;17
2312 GJ;216
2353 TV;81
8224 JP;133
2161 HD;5
6216 CG;74
6511 RK;128-130
4901 ND;229
4701 BB;39
6216 CG;74
8332 JE;11
5401 GE;1a
8601 BT;24
7101 ET;57
3701 GS;136
2382 AP;313c
4472 AB;2C
3255 AE;8
4538 AV;11
6536 AE;9307
6604 LL;2414
9981 CZ;26
8304 AS;31
4824 AJ;21
2516 BP;85
8167 LJ;52
6657 CK;16
8317 AL;6
9233 LE;17
6651 KR;26
3862 NL;18
6645 BS;49
7141 DD;7
4401 LA;19
6515 CD;8
8421 RN;60
8181 NN;2
9628 CH;126
9284 TA;19
7141 JL;2
3194 DA;31
9865 VK;11
1422 ZB;115
9285 WD;68
9753 TB;1a
8171 MB;9
8326 AB;59
6651 KD;173
9231 DW;2
6941 AB;10
3861 NK;4
9945 PX;2
6971 LE;10
2408 ZG;13
5431 DH;61
6621 BV;29
2718 RD;97
5431 VE;10
7325 WC;1
3771 MB;106
6921 RZ;13
3903 LA;68
3812 PN;-Noord92
3846 BS;10
6611 KZ;1
2222 AG;15
3224 AH;8
7468 PP;7
7141 TS;1
6824 GM;14
1323 VP;18
7609 RD;9
7007 CL;23
7543 BG;14
7554 TA;14
6902 PV;7
7221 DD;14
7463 PA;20
8443 EE;3
2291 PG;18
6921 GW;24
5347 KG;35
1742 PD;10
9231 DX;34
8071 RS;10
3846 CG;8
8075 PC;156
1170 AD;1
9231 DW;5e
2408 AH;3-5
3853 KD;25
3843 AN;2
3247 CP;3
6851 HJ;4
3247 LK;2
6836 BC;19
2531 SX;323
2408 AG;10
5411 LP;21
1211 PP;12
3861 NC;4
7151 JC;10
7151 JC;10
5626 BJ;31
8471 AD;2
6651 KR;11
1785 AD;3
1785 AA;6
5223 GW;1
1096 AM;83
7003 DR;176
8938 AC;2
7071 ED;15
7722 RR;24
8255 PA;15
5438 NN;6
7201 ES;18
9231 DB;17
1521 NE;25
7482 WK;2
6833 HK;10
9902 BK;19
3882 MC;48
6533 HJ;50
1211 PN;35 A
6660 AA;49
2222 AR;16
1420 AA;38
7511 BC;50-52
2201 CZ;27
3247 VB;159
7207 BH;2
7006 RB;79
1541 AW;2
2645 ED;5
7604 PR;3
7431 BK;32
2516 BA;125
2645 ED;3
1964 LJ;30
6561 KI;17
7461 PB;115
7364 AJ;290
4328 BA;40
1105 AT;16
8331 TJ;5c
6581 AC;6
4704 SC;35
1786 RA;4
7461 TR;4
8256 BH;22
6611 KA;10
7481 HP;180
3606 AS;34-12
7481 PB;45
6991 DP;56
3815 KL;43
8471 EW;9
5600 RA;90102
8431 HG;13
9001 XW;5
3821 AL;4 b
6581 AD;53
6826 CC;29
2404 HL;406
5431 NG;2
2031 BN;1-5
1505 HK;4-
8071 DA;5
3899 AJ;30 - 36
1785 AD;2
6612 AB;39
1764 GA;5
9231 DZ;1
9231 DX;35
8938 BH;9
4462 GJ;2
7141 LH;6
3712 BR;34
7418 EC;2
5405 PD;21
9793 PD;88
9172 ZS;33
9231 DZ;22
9101 WZ;42
3433 PN;2
5455 GK;145
6598 AV;4
3851 GL;42
3709 JA;4
6562 AR;12
9233 KC;26
9269 XC;14
4921 SG;46
3602 AG;11
9281 KS;22
6604 LG;2110
6604 LG;2110
6515 AG;4
1500 GE;
5437 AT;38
2635 NB;6
3171 AC;8
4904 SM;12
3771 JV;1
8472 BD;1
7463 PB;29
3771 PP;64
1422 AC;27
7461 AB;5
3771 ME;81
4301 RS;36-7
8160 AB;8
6541 DC;8
3899 BE;26
7142 WA;114
7554 NG;65
3833 GP;6
6650 AA;
6651 KK;101
6651 KK;101
3882 LH;1
8477 AC;163
8304 AA;5
9745 BJ;2
1066 EW;6-8
7483 PC;31
7711 CR;162
3238 LG;8
6641 TM;1
3861 SG;18
1785 AA;5
6626 AJ;13
1742 PB;10H
2516 BS;22
6827 AV;73
8525 GC;32
1216 SK;4B
3227 CD;70
2627 AT;81
4554 LM;1
2031 CX;1
7333 PA;17
2516 AN;15
1981 BK;73
7609 ZA;25
2629 HH;410
1432 EK;19
1921 CE;36
6541 CZ;102
2641 KG;3
7041 GA;16
9936 HD;30
3439 MB;2
3439 MB;8
6718 XM;44
4538 BB;59
7206 AZ;31
7211 GG;4
6953 CP;1
1216 SK;20
3861 NC;19
6921 RL;38b
2622 CZ;63
3439 MX;3
2131 AE;6
3771 NG;17
7451 PJ;2a
7451 JL;1a
3194 DH;10
1521 RH;15
3871 MV;12a
2404 HL;316
2211 JT;24
5281 RN;1
3771 MG;16
4286 LG;4
1046 AS;1
7007 CP;4
6545 AJ;56
2222 BH;2
1422 AC;13
7271 LH;11
4911 AV;49
8256 RG;8
6631 KH;4
1746 CL;3-5
1704 RH;33
2401 MB;8 B
2408 AL;7 T/m 11
7141 DS;2
5428 NZ;2
3776 MT;4
3862 NL;4
1067 SZ;580
9989 TH;4
3771 NA;31
3253 AL;21
7025 CJ;19
9974 ND;47
3230 AE;230
3222 KE;301
3176 PN;38
7273 PL;3
6617 HM;1
3771 MB;86
8251 PJ;11
1046 BD;260
3248 BR;11-13
3247 KH;1
1951 JZ;63
5626 DC;1
4104 AJ;2
1761 EA;17
4196 JR;30
1098 NJ;64
8741 KE;11
4906 CX;23
8243 RC;52
9003 LB;24
1095 KK;6
1095 KL;7
3233 XJ;5
8242 PE;1
3846 BW;81
4254 XV;39
7547 TJ;11
5059 AK;12
8226 JX;130
1967 DD;2999
9863 PK;108
8251 KV;6/8
3846 BT;9-11
4827 HJ;1
8934 BV;8
2134 AB;63
1183 TG;100
3981 AK;31
9723 HD;22
1749 DJ;32
3824 MX;2
3824 MX;2
3824 MX;2
1217 BP;12
7451 PJ;38
8471 AD;7
2627 BA;15
5437 PK;20
6691 EJ;31
8091 XX;14
6826 TN;28
3771 MB;32
6600 AC;302
9231 HW;77
9285 WC;26
3433 PB;4
9917 PV;37
3043 RS;10
4231 DP;8
7602 KM;425
1112 AB;24
1324 KR;27
2291 PA;21
6681 LN;53
5282 JL;2
1043 AG;1
3992 LL;6
3992 LL;6
2408 BZ;6
3905 MJ;40
2223 KD;32a
8251 KM;18
6541 CV;5
8501 RP;19
3863 EK;32
2015 BM;34
4704 RE;43
6991 AJ;83
5431 KE;45
4462 BB;76
4612 PL;42
1764 KK;6
5431 GZ;90
8181 LN;1-3
3861 RG;13
1785 DX;28
8013 PD;48
1786 PG;5
3771 MA;33
7336 AW;82
2231 NZ;1
1742 PC;5
7451 PH;37
6658 EJ;37
6687 LJ;29
5427 DB;19
4708 AN;1
8700 AA;72
3814 SJ;40
3439 NA;1
9628 CH;124
9738 AM;13
4254 XW;24
7256 KG;5
6604 LJ;20-24
4433 AS;11
1424 NV;1
5076 AN;12
5431 SC;4
1184 TB;17
2400 AE;231
8881 BZ;35
4941 VL;26
3700 AL;159a
3771 MK;8
6651 KR;16
7442 CX;46
2201 TS;109
2251 LP;39
8471 EM;134
8925 HJ;9
8391 AH;23
2231 NE;22
8606 KB;14
6842 AE;20
4542 PM;1
5281 EK;52
2222 AT;25
2221 AM;47
1431 GJ;8
8251 KM;8-10
9285 WT;24
2222 AC;2
2222 AC;2
8256 BN;31
1791 AX;-Keijserstraat2
4538 AX;10
6603 AX;9
3861 CE;64
6165 CH;3
7007 CD;28
8474 CA;45
5283 PW;12
3197 XE;5020
8474 CN;4
7609 RD;32
3180 AA;1001
3703 TK;50
7104 BD;30
6813 GC;130
6582 CX;6
7035 CX;8
6732 ET;6
6904 JP;7
4209 AE;10
2718 SX;6
4814 RS;2
3233 AG;36
2000 AD;192
8253 PA;16-18
5281 RE;6
9231 CK;91
6581 EK;177
1081 JW;1162
3100 AN;318
1705 SX;31
8471 JG;70
7451 PJ;36
1019 AD;102
7451 PK;4
3842 CM;1
1101 GC;52
7442 DR;22
7442 DR;20
8141 PN;1
1901 RW;9
2635 CG;134
4700 BB;1069
5431 SH;4
2131 HB;19
3846 BN;22
3812 RJ;17
9104 BD;89
7482 CE;167
1118 CR;11
8131 VZ;1
3772 LS;89
3431 GK;22
4900 AJ;375
2718 EM;159
1216 SK;30
7336 AS;43
2223 XN;27
8474 CJ;100
1991 AZ;120
3812 RB;6
7411 MB;25006a
2400 AE;246
3771 NA;30
1742 PD;4
3846 BT;10
7604 TP;19
7141 VL;57
3886 PD;60
8243 PJ;13A
2627 AP;1
7200 AB;1
4207 HH;15
4131 NH;5-7
9298 RE;13
1187 ZS;83
3439 MB;30
8314 RD;3
7102 JD;27
1175 HK;117
3861 NJ;9
7021 BN;70
9902 RM;37
8471 ZW;3
3781 VM;38
3194 DJ;4
3972 LB;54
6561 AS;140
2136 NM;108-110
6733 JC;2
2641 PE;93
2629 HG;388
2215 RR;4
2215 RR;4
1432 CN;255 D
7642 LD;141
3824 MN;7
4454 AL;50
2382 AA;13
7317 HZ;216
7161 AE;35
7418 BH;10
7418 BH;10
6914 AD;8
7156 SC;216
8243 PM;16
3705 LP;1 12
1101 AG;14
9723 EP;116
7471 GH;8
2153 GD;145
8243 PH;16
3825 GT;19
3840 AL;
7202 CA;75
1324 LC;2
7514 AJ;74
6827 DH;10
1104 KM;6
4815 PN;9
1689 AG;24
1091 GN;40-42
7901 LA;4-6
2571 AK;635
1946 AB;98
1054 HK;36/40
1964 LJ;48
7333 HL;100
5614 HL;73
1181 GW;488
2203 JM;260
7532 SW;32
7552 CK;136
3572 CB;17/21
6541 RN;100
2595 CN;214
3191 ER;15
2583 AG;186
5628 BS;35
1018 AJ;12
4813 AH;23
2321 HX;130
4611 HL;20
2521 WP;71
6881 TA;17
7543 CJ;120
1046 CB;7
6418 CD;193
1096 BA;44
9713 EE;273
8031 AZ;38
5616 RB;92
1101 AM;55
2132 BT;662
1063 KL;5
8304 AE;21
5465 TC;3905
4536 GZ;1
1948 ND;3
1075 XJ;88/90
2225 DA;61
6446 BE;12
8019 AG;10
2406 HE;1
4104 AK;2
3555 HX;656
1185 XX;48
2035 VA;1
2685 AR;15
9712 LL;81
7415 GH;176
8932 PA;11
2313 KK;4
3526 AD;10
3846 AB;15
7001 CS;12
3771 AB;59
7609 NN;9
1069 CC;26
2591 GE;4
2542 AV;92
1334 KE;31
8924 AA;34
6137 AB;6
6902 PL;37
7556 BX;40
6836 BC;5
1212 CN;60
8606 VP;1
1271 BE;3
4461 ZN;27
8232 DN;53
4904 EW;26
1422 CB;79
6537 TN;1-3
3762 EV;25
8447 GN;2
9743 AJ;13
3562 LB;1
7483 PB;20
3824 MN;1
2274 VW;16
3131 XX;201
8013 PM;7
2352 BL;2
3861 MA;59
9902 BW;140
1316 BR;22/39
5021 MA;1
2181 MH;14
2227 AL;2
6511 SW;2
4817 MV;3
1111 AA;2
1785 AG;14
9101 BE;-West39
7418 AW;2
3141 AB;11
7461 AG;7
4708 AL;40
4879 NC;23
1351 JD;24
5627 BZ;1
8913 EV;57
2718 TK;21
1404 JL;19
6373 EZ;136
3433 PL;3
1211 NZ;181
2031 CC;26
3816 BM;45
7315 AS;123
2713 RB;2a
3542 DJ;3
7136 LB;69
4251 PW;41
8251 GD;15
6921 RZ;50
1043 AG;1
8255 KB;128
9902 BW;126
6541 CM;
6541 CM;26
7553 GH;73
3861 SJ;18-20
6651 KR;1
8219 PG;13
4909 AG;117
3233 KK;8
8251 GD;14
5628 CJ;20
9981 AN;34
1332 AH;2
5626 DD;15
7821 AD;1
9723 AX;10
8447 GK;4
7556 PH;2
3769 EB;51
2635 CZ;19
1300 EB;3001
8925 AC;17
4941 TB;5
6582 DB;4
6535 SZ;60
6535 SZ;60
8218 PD;1
8243 PX;39
3194 AC;80
5433 NM;9
3194 AB;44
8394 TA;15
7556 BE;50
2132 PZ;4
1114 AJ;8
6825 MB;123
5652 AN;57
7000 AH;7
6546 BA;1010
2718 SM;14
2718 SM;14
6681 LN;64
8251 JX;36-38
7441 PC;28
7442 CM;10
8162 SC;-Zuid193
1422 AH;13
8161 PG;32
1067 TH;220
2201 AE;67
7156 SH;28
6658 CM;33
3776 LT;164
3897 LW;26
1935 AD;67
3882 LK;4
2211 WS;67
7482 RC;18
3781 AN;5
3861 SH;3
7447 SH;38
6957 DE;2
4121 KN;16
5384 RC;8
9919 BJ;25
7141 TH;21
3543 AC;53
1185 XX;6
1046 CC;1
1101 GC;64
1948 NT;39
4940 VR;212
2544 CW;16
2014 SB;73
3225 LR;1
2132 VX;1
2201 TX;2
3261 NC;2
3176 PR;1
1446 VA;1
2715 XA;3
3824 MX;4
9723 HM;3
1948 NE;16
1951 YY;6
3208 LJ;33
6951 AD;21
3851 SE;9
7021 PA;2
6691 EZ;8
1216 BC;16
8251 AK;15
7054 AZ;7
1187 ZM;19
8161 PD;1
7351 AW;76
3029 DG;110
5443 PG;6
7351 AW;76
2261 CN;18
1181 VA;79
8243 PM;40-42
3237 MG;-Noord11
7317 BC;62
8256 PS;6
5405 BB;4A
3862 NE;98
2404 BP;253
2223 XP;14
8251 PT;22
8486 GC;58
9921 TE;20
7141 HE;47
4451 RP;4
7336 AR;200
4551 LA;6
4421 RR;15-17
3862 JG;8
3632 AE;10
3772 VJ;12
7601 PR;6
2461 EZ;2
5281 RE;27
8253 RC;24
5281 ER;6
9281 NW;77
3812 RB;30 A
1951 HL;4
3771 ME;9
1045 AL;10
2700 AN;17
6546 AS;1114
1217 ST;185
7141 JE;9
1742 PC;17
3776 PR;7-02 7 02
3774 BV;68
2223 XP;8
1185 XW;71A
1332 AX;7
3846 BK;21
3194 AL;15
3194 AK;30
1781 AD;34d
1742 PB;12
5431 SB;5
1948 NG;3
2134 KM;25
4900 AA;30
4900 AH;326
4900 AA;30
4900 AD;192
7251 KW;13
6582 BZ;1
7136 KK;2
1786 RA;21
1964 LJ;36
1704 RA;11
8208 KJ;13
9723 JA;13
9723 JA;13
9723 JA;13
7141 DH;
1394 PC;38
3194 DD;23
8471 CX;4
2132 PX;65
2222 AN;1
3433 PH;5
6891 EA;9
3861 SG;11 E
8471 AD;1
2723 XZ;383
1431 GJ;36
5628 CH;311
5628 CJ;4
1561 PM;3
3232 LN;5
6631 KK;13
3502 KA;10
3542 AC;40
1742 LD;321
3791 PM;164
3791 PM;164
4538 AN;29
6603 BH;9b
3543 AS;159
1118 AN;10
7142 HK;10
3565 BC;49
6961 RA;13
6681 KA;14
3861 NP;4
1785 LX;2a
6603 BM;195
8252 EE;12
3846 BK;9
8441 GB;14
7683 CN;7
7451 WD;26
9101 PC;3 -8
4462 GP;31
8471 AC;12
2371 GW;29
1817 BB;52
3771 ML;15
7550 BC;1125
4721 AK; 23
3225 LN;17
7451 PG;70
8251 KV;17
1783 HK;81
1422 AD;10a
2404 HC;17-19
3781 VJ;6
1059 CP;59
3905 PT;21/1
6824 MB;147
6460 NE;7500
2132 XZ;157
3439 MS;42 D
3771 VE;117
4751 XC;33
8304 AV;10
6732 EP;21
6603 BL;131
5405 BB;2
7442 CX;27
7202 CA;99
5427 DG;207
1822 BN;83
3862 NK;4
7336 AM;11
3123 PN;3
3821 BG;11A
4538 BV;6
7202 BZ;1
6956 AV;10
6581 AJ;30
1789 AE;18A
3862 NE;84
3864 PR;60
2352 BM;49
3771 ME;23
7101 JS;90
7021 BV;15
3812 SX;2
5431 NR;13
8304 AA;130
4451 HT;28
7161 BB;30
7255 AX;3
8251 GD;48
9034 GC;33
2332 AH;80
6534 AD;9
6534 AD;9
3771 RW;10
1099 BS;23
6534 AD;9
7064 KG;3
8321 WR;2
1303 AE;30247
1303 AE;30247
1303 AE;30247
1303 AE;30247
1303 AE;30247
1303 AE;30247
1303 AE;30247
1303 AE;30247
1303 AE;30247
1303 AE;30247
1303 AE;30247
1303 AE;30247
1303 AE;30247
1303 AE;30247
7040 AE;-Heerenberg
7200 AA;2
8938 AJ;10
7131 PG;33
7256 BB;49
8251 PE;13
7261 SB;13
7142 HN;21
7142 HS;1
3896 LH;6
8321 WS;8
2992 AD;47
9901 ED;45
2404 HL;406
4104 AV;45
9936 AR;2
8305 AA;5
4202 MS;27
8251 GD;99-103
4873 LP;60
7461 AH;150
3712 DE;8-10
3712 DE;8-10
3712 DE;8-10
3712 DE;8-10
3771 NA;6
3769 BV;25
6658 GJ;34
1751 HG;18
1216 SK;12a
1422 AD;10a
9230 AA;
3602 AH;43
8309 AC;15
6541 CL;29
3771 PL;5
9723 AV;14
3771 NG;10
7160 AA;20
7141 DC;2
7140 AB;
6956 AX;56
6681 CW;21
3771 ND;28
3812 RR;151
3707 AC;101
7328 KL;2
3165 AD;22-26
7442 CK;17
3771 RG;62
1704 SC;6
6566 BA;10
2718 SC;48
2224 CG;82
7207 BH;2
8181 BJ;5
7333 PB;68
7207 BL;1
8024 AA;48
2627 AT;77
7553 HT;164
3784 VC;8
3233 KK;3
7051 AC;4
6536 AE;9307
6562 JK;4
2491 AH;237
3771 LK;91
1333 MZ;154
6441 PA;12
8472 BG;5
9703 LM;5
2204 AL;25
1704 SE;2
7244 RR;33A
6662 KH;84
8331 TK;1
8472 BD;7
1774 AR;3
8731 CD;41C
7554 TG;8
1713 GL;51
4704 SB;4
5554 PM;3
3833 AL;28
7556 BE;50
8395 PG;122
8801 AV;10
2492 BC;102
3439 MB;6
3439 MB;6
3439 MB;6
7587 BX;11
3815 KL;41
4543 NZ;13
1185 DC;7
3194 DD;119
8308 CK;62
3241 MG;23
8243 RA;19
4924 BC;1
4907 EW;55
1112 AX;52
7451 MC;79
5405 AA;19
3194 AC;38
1033 MZ;37
7006 RX;11
3861 MA;63
9791 DE;2
1216 SL;353
1944 DS;138
2404 CL;19
8253 DC;54-56
1081 KE;21
3238 LB;14
2235 SE;29
1704 RN;6
3846 AW;6
7451 PE;9
6601 HH;3
3225 LR;14
1433 DJ;1
3771 ME;35
6691 HH;18
8256 PM;38
3237 KC;2
1756 CC;27
1420 AB;50
6681 LA;21-23
4551 LE;157
5437 NG;5
6681 CW;2
7131 MC;28
4462 GP;61
3846 BS;8
7463 PA;31
8071 RZ;124
4537 AM;94
1111 AA;
2142 ED;835
2130 AG;297
3781 CC;58
6745 XE;11
8305 BJ;35
2225 JH;1
6851 DM;80
9761 TD;92
1216 GK;20
2635 BZ;20
9101 RE;2
3992 LN;27
3190 AW;66
1951 JZ;1
7602 KE;122
2011 GW;112
3846 CD;84
7442 CW;43
9723 AZ;52
6658 KP;4
4651 RP;8
4909 AN;174
3194 AA;35
3785 LL;98
2316 AD;49
9628 TT;15
7557 HT;55
5384 TB;12
1781 AN;41
1781 AR;100
5371 MX;4
4100 AE;248
7141 JE;35
3771 ME;60
2622 CT;14
6604 CW;12
4704 RK;82 C
1781 AD;34
9288 XH;1
7131 PC;20
4451 HJ;13
3433 PN;2
8219 PR;36
3846 BX;13
8401 GA;12
7460 AB;66
9281 PJ;66
8304 BB;18
3191 TD;108
1357 CH;59
1961 NH;17
3864 DE;12
9231 HT;21
1101 AE;31
2031 EE;2
4613 BW;2
1114 AK;3
3861 MA;110C
8071 RA;20a
4194 CK;43
1053 NE;288
4879 AM;91
6603 BV;204
5482 VR;25
9233 ZL;40
1333 HB;6
1817 DC;27
7334 AC;348
3705 LP;1-5
3851 EC;177
3771 NG;33
6956 AX;60
3812 RX;9
3771 MG;15c
3812 PM;-Noord48
3828 BE;44
3812 RX;11
3833 BP;8
3833 BP;8
1185 XX;84
7461 AE;14
2211 VM;12
9723 AW;25
8251 GD;89
8471 EW;144
2011 CC;11
8585 KP;29
4401 AK;73
7418 BG;15
6581 KD;1
1063 ME;5
8302 ZM;11
3220 AB;66
8024 AA;8
6681 RA;3
7607 PT;1
2718 SM;8
6675 AZ;7
7200 AB;
7554 TS;3
1328 KB;58
1099 BB;63
4815 PR;6
6525 AK;96
2131 AD;38
6541 CW;9
4538 BX;4A
7206 AZ;9
6545 AR;1103
3704 GS;14
5347 JG;20
4462 GE;14A
4561 PA;4
4338 PL;13
1051 KM;4
3225 LD;16
7609 RE;21
9101 WV;24
2632 BA;
2516 AM;4
5281 RM;1
3771 NA;12-18
9936 BR;-4
5421 PW;3
6651 KR;36
1422 AD;8
3641 RS;11
8041 AG;2
3045 RD;3
1901 ND;77
7559 PJ;10
8071 RA;8
5061 KN;10
4906 BA;9
5406 XC;22
3208 KD;1
5015 BT;116
3543 AC;91
8331 LL;48
1043 AK;2
6902 PR;10
4881 DH;17
1382 JN;149
1311 XC;12a
7325 WZ;4b
2408 BX;3
4706 NC;25
5015 BT;104
2803 PA;115
3220 AK;430
2718 RM;14
5374 EB;12
4462 GT;11
3240 AC;41/43
4538 BX;4
2622 DB;1
8471 XL;5
4902 TT;17
7481 VR;13
4879 NM;9
3439 NA;1
7442 DR;14
3771 NA;2
2641 NB;26
6584 AB;10
3193 GC;109
1437 CH;381
4531 GS;4
9628 TX;197
9061 AE;2
3201 KA;3
7207 BJ;20
6691 EZ;16
7442 CH;11
7221 CA;33
4907 AG;25
1792 CW;7c
9791 DE;5
3817 AG;40
5622 AE;97
7442 DR;4
6222 NT;73
6034 SZ;9
3881 BC;109
8255 PR;32
5433 NM;5
2132 PX;23
6731 AC;56
4845 CW;66
5203 DD;
3230 AG;280
5344 AK;27
7002 GE;126
2401 LK;42
3731 AL;24
1901 GZ;3
2266 GM;26
2711 ER;205
9281 RA;26
4782 SL;17
9723 HK;13
3781 NJ;34
8471 ZX;2
2225 BK;8
3861 NC;19
3861 NC;19
4941 SE;35
7200 AA;6
7325 AC;79
7461 JM;18
4531 HD;15
6950 AA;
8938 AA;40
7207 EC;1
3201 LG;24
6681 CW;2
6534 AG;48
3851 SL;45
2222 AN;18
9363 TH;4
2722 NH;1
6658 AD;18
1431 VK;93
1183 NZ;2
2132 WS;11
6372 AP;11
6942 AL;11
4815 PN;1
5706 LE;49
6681 LN;75
5032 MR;3
2376 AZ;64
5076 TM;6
3846 BP;2
7008 AR;14
3771 VG;183
2629 HN;33-37
5433 NM;5
2003 RS;731
4451 HT;66
9081 AP;4
8338 KD;18A
7005 AG;102
3999 NX;86
4462 GL;12
8304 AV;12
3221 LK;21W-Z
3063 NJ;19
8251 MC;86
8471 BH;66
3238 LJ;1
2742 RA;7
3871 KM;33
3286 XL;1
1014 BH;26
3771 MA;105-107
2641 KT;39
7451 LZ;18
4571 LK;88
4817 MJ;134
4817 MJ;134
3191 AC;29
3400 AA;
8251 JS;-noord25
7442 DB;1
3861 RG;20
8253 HX;21
3771 LE;1
8302 DC;74
2301 GD;18
6541 CW;25
1741 CD;13
1043 EB;80
7606 JJ;4
7025 EG;-Nijmanweg16
8042 PW;21
6831 AE;11
3247 AH;17
2627 AN;76
2627 AN;76
7141 JL;4
3771 MA;63
3861 AX;23
8765 LT;4
4814 RS;4A
2313 KM;106
7602 PW;14-8
3771 MB;16
3771 MG;15
2641 ND;65A
8574 SN;5
8531 WC;37
7602 PP;33
4538 AX;12
4900 HB;6099
9617 BW;6
1394 JD;12
3190 AK;490
9723 JA;7
7202 CK;6
4311 RL;38
7008 AM;6
8471 AB;5
8938 AE;4
9981 HA;5
6988 AA;5
5454 GR;15
3845 MC;21
6662 WC;14
7609 RA;20
2405 AM;124
1817 ET;6
1948 NS;2
1786 PS;70
6135 KH;12
1780 EA;81
2201 AC;20
7451 NB;12
7482 EW;79
1786 PS;19
1704 RN;6
6800 AV;821
1723 HZ;6
4844 CK;47
4104 BG;8
5282 JH;16
1781 BV;90
8938 BH;3
8471 JW;87
7442 DK;9
7921 VJ;6
1185 XW;71 B
7418 BJ;12
7942 JD;5A
1112 AN;78-82
5804 CD;46
2131 HE;9
7602 RD;6
3861 LR;17
2031 CC;32
8315 AR;2
4751 XC;45
7418 CC;9
7443 PV;46
6562 JK;6
4423 AL;1c
8171 MG;12
6811 CH;30
3194 DH;7
3881 SX;13
2031 CN;27
7005 AN;17
2712 LD;100
8028 PR;2
1422 AD;50
3771 LK;107-109
9723 BW;5
8501 XL;6
1175 RM;18
8239 DD;225
7442 DR;23
9914 PH;74
7483 PD;5
3454 PG;7
3225 LD;14
8938 AE;32
4131 NL;8
1786 RC;7
1742 PC;13
3824 MH;1
1401 VD;4-16
3769 AA;5
7442 DR;5
8251 PE;31
6541 CM;62
2063 KA;1
5434 LA;7
6441 PA;31
5281 PR;2
9283 VK;2
6681 BN;22
8322 BK;54
8471 LE;20
3247 CL;51 E
8321 MH;11
3812 PX;1
1065 CA;553
3861 VX;2
1424 NV;1c
8471 EJ;147
6566 CK;20
6534 AN;22
1171 GP;152
3862 AC;29
1561 AH;17
6681 BM;91
6685 BM;85
8161 CS;50
6951 LM;8
9728 NR;11
1271 NN;70
1981 AE;37
1852 TE;82
1422 AG;20
1171 VH;266
2131 AE;13
3233 LM;7-9
3194 DH;2
3565 AE;1
4538 AM;19
2222 AM;17
1507 EK;97
1171 JA;1
1118 DX;4
6584 AA;
7418 BJ;4
8162 AJ;6
3846 BT;2
7241 CW;20
7206 AX;16
6644 KK;8
6582 BX;
7554 TB;2
8024 AA;50
7442 CH;23
5431 CE;3
3705 JE;42
1171 HZ;55
7054 AX;37
8502 TN;4
5431 SJ;4
5282 RC;7
5282 RC;7
7954 GG;502
5433 KJ;43
1422 HW;38
5100 AC;145
7609 RA;8
3214 CL;2
6851 TE;7
8243 RC;84
3227 CJ;2
3151 AE;50
2141 BK;208
4921 PJ;32
3534 AP;89
3840 AK;137
8162 NN;9
2222 AG;53
9261 XB;13
2152 LJ;963
5349 BC;3
1422 DW;41
8081 HH;27
7544 RG;218
3771 PP;20
4751 XA;11
6651 KD;179
7006 RW;60
8395 PM;4
8391 AH;33
6652 GM;2
7396 BB;2
2225 BH;215
7021 BT;9
5462 GH;441
8013 PE;43
3846 CA;27
7603 AB;141
1566 PL;6
2718 RB;101
5563 BT;1
6658 KZ;10
8251 JR;21
3863 VR;26
8251 JP;15-17
6741 DL;37
1317 SN;16
7451 DX;7
7451 PK;6
5631 BZ;7
4845 CA;
1934 BD;84
1175 RE;98-100425
3411 MD;2
3862 ZS;14-16
1721 PR;42
2600 GA;5024
1784 MR;4
6673 DE;1-3
5281 RR;2
5246 JJ;38
7418 BH;5
5107 RG;16
5421 XL;5
6525 TX;2a
4264 AH;6
2612 VC;2
7231 PA;12
3221 AD;8
4900 AB;70
3438 LA;5
9723 BP;45
1097 GA;126
1040 BA;57239
1079 MB;5
1079 MZ;50
1102 CW;150
1947 ZB;43
3781 PL;62
3824 MH;1
1402 SS;42-44
6621 KL;128
1704 RD;17
1215 AP;140
3543 AA;1
3433 PW;2
3543 AA;1
3439 MC;12
3721 NK;80
3533 HC;120
2635 CS;3A
4462 GC;15a
1111 AA;172
6524 HG;46
6662 PB;54
3927 CA;21
1742 NB;4
7271 AP;5
7200 BA;
2635 CG;3
5281 RE;12
6691 ME;8
3218 AV;24
8072 PD;90
6951 KG;6
1521 RL;52
4462 GS;43
7328 JK;15
1327 EE;10
3824 MX;30
3439 LM;2
3902 HR;20
1327 GE;8
3439 LW;2
2516 AW;9
6921 RZ;5
1096 CJ;14
6602 ED;77
6991 HD;1a
1081 KE;14
1112 AW;97
7556 BV;3
7622 GW;260
3882 ND;10
8255 PS;1
4903 RN;21
2526 HX;4
7442 CX;25
6816 SJ;89
2211 HT;2
2394 CE;259
7351 TA;250
9714 JT;9
6824 KV;704
9936 HD;4
6525 DX;61
7443 AJ;N-2
3769 CE;11-13
8243 TC;11 09
3341 LJ;5
3340 AD;5
4451 HN;4
8166 AC;13
1784 NX;11
2153 KE;1421
2132 WX;4
1333 HA;21
4903 RE;48
1747 EM;10
1021 KB;32
3899 BL;3
6675 AA;9-
6691 AE;66
5281 LM;56
6581 AX;4
3542 DA;2
5437 AG;5
2223 BH;23
2130 AA;29
6651 KS;8
9723 HD;22
1431 GG;54
2635 CZ;3
3194 HL;232
8471 XK;5
7609 RD;11
4704 RK;39
8801 PL;7
2314 AN;328
4827 HJ;-Petitweg41
2222 AM;2
2352 BB;70
1175 RN;9
3194 AR;15 C
6961 JG;54
8401 JJ;16
6581 AJ;34
8042 PH;9
2718 TA;44
8251 PD;20
3812 PR;15
8938 AJ;6
4537 CD;1
1521 PS;8
6651 KS;8
8251 KW;14
1782 VG;30
8938 AD;3
3861 RJ;33
3194 AE;13
4251 NN;30
3784 WK;154
4921 KJ;9
5657 ES;10
1970 CA;
1970 CA;10000
2040 AA;20
7203 AV;99
3825 GT;19
4338 PR;7b
7451 EN;8
2222 AT;11
1171 VH;
5298 VK;18
7141 DD;19
6651 KS;
2215 LG;35
1784 MC;238
1791 MC;13
5684 PR;13
5531 AB;-1
6442 PL;3
5751 PW;16
5628 RA;2
5664 TH;19
6222 NR;21
5981 XC;10
6042 NW;6
6135 KS;104
5555 XL;24C
6003 DB;33
6882 AH;58
1521 PS;8
7211 EC;95
7141 JK;
1704 JP;22
6545 AJ;64
2631 GK;28
1112 AW;43
1216 CH;40
2222 AC;18
2718 RT;91
2321 GL;11
2031 BT;37
1971 XE;2
1704 RM;1
8251 KV;13
2231 NZ;10
6651 KS;5
8474 AC;27
3707 HW;19
4462 GN;12
1069 DR;341
1781 AE;52
8081 VJ;35
1185 XS;24
8171 MD;31
1948 NV;89
7443 RE;2
7141 JM;9
7007 CM;12
8491 PH;1
7165 AB;117
7442 CH;15
7051 GV;58
9756 TH;6
3271 BT;50
5431 SC;10
1101 GG;111
1101 GG;111
2491 BD;16
5047 RG;7
5047 RG;7
6953 CP;16
4906 CX;18
5384 LL;29
7126 CD;4
4212 KJ;3
8471 EJ;133
5846 AD;18
2231 BZ;2
6582 AE;2
3084 CB;60
6953 CV;29
6581 EK;191
6582 AE;29
8479 HK;105
7609 RL;8
7061 ZE;76
7442 DR;25
1823 WD;23
4905 BH;27
3846 AN;5
3845 MC;27
3771 MG;18
2628 CK;3
3439 LC;90
1244 RL;4
2102 LL;16
2381 GR;1
7325 GD;1
6581 KD;39
6581 KD;39
8239 DD;105
7607 PK;1
5405 AS;5
3861 RD;21
3194 AA;32
6681 CW;39
1422 CB;2
8921 KM;98
6716 AA;55
3864 MJ;46
6534 AN;22
5431 ST;1
4927 RH;1
3194 DH;14
4704 RT;258
3781 PL;88
4462 GT;2
3233 CV;4
7141 JG;93 13
2341 AB;68
2222 AM;6
5374 PC;7
2627 BP;16
2627 BP;6
8491 AS;45
3862 NR;18-
3771 RG;62
4900 AK;408
8251 HX;80
9231 HS;8
3233 SE;62
4905 AH;18
1042 AT;38
4902 TT;6
2701 GA;
1216 SL;345
3251 LN;6
4538 AN;75
4538 AN;75
3100 AC;144
6691 EZ;10
1101 BR;75
7554 TJ;5
3247 CL;45
5406 XP;41
1017 DW;701
8448 GW;10
1329 BN;1
1005 AE;
3004 EA;11020
4704 SB;11
4462 GC;4
4191 CM;70
1351 AC;47
3812 PR;40
6827 AS;4
7321 GP;10
3439 MB;30
6541 TV;107
1421 TE;29
3705 LZ;8
6691 EE;19
8448 CE;7
3771 MB;38
8255 PA;29
2731 BR;8
6611 KA;
6851 EN;1
1764 MD;99
7041 GV;12
3812 SZ;7 L-M
5107 RJ;10
6931 KH;9
7481 KJ;15
5281 LL;26
3565 BL;20-24
4451 HT;66
8013 PM;29
3433 PJ;5
2171 AE;53
1704 RB;1
3233 AG;36
2497 GS;21
2031 BR;96
3771 ND;30
8013 PM;21
9902 BK;21
2288 BA;116
3565 BC;43
6827 DH;12
5616 HX;3 f/g
7418 CM;8
9723 BT;44B
6101 XK;13
3125 BD;501
2352 BZ;19
8013 PS;15
1704 RA;1B
3812 PM;66c
4462 HD;1a
7333 HL;102
3439 LG;3
2491 BJ;2
6651 KG;34
5469 DT;24
2625 CR;414
4704 RK;35
9003 MR;2
2201 CZ;50
3853 NJ;275
3903 LK;18
1969 LB;19
1785 AK;1
2031 CR;7
4431 NL;17
3864 DV;14
6956 BA;7
7025 EN;25
8166 AP;72
3862 PB;107
3862 NR;18/
3861 KX;15
3861 MA;61
8166 GS;10
4706 PB;76
7443 PH;120
5600 CB;20542054
7462 AG;12
4462 GL;1
9281 KK;15
7324 AZ;9
2401 MA;7
8255 PE;8
3861 NE;11
5281 TP;6
2352 CZ;2
8621 XD;18
8081 HH;21
9063 JB;14
2254 AG;2
7255 DJ;50
1704 RH;31
9626 AA;5
9011 WH;10
1231 KS;167
3641 RM;38
1327 GE;4
9936 BJ;11
1241 BA;1
2451 AA;2-4
8071 RA;6a
9005 XS;2
3439 MA;19
5481 SG;31
2295 RV;19
2295 RV;19
3247 AE;17
6827 BH;6
1422 DZ;56
3231 CM;8
3454 TT;8
7333 NZ;92
2627 BG;6
3771 NC;15
5466 RE;1
5013 CE;138
1216 SK;20
6850 AA;8
5363 VT;2
8243 PD;71
1114 AN;32a
5282 HB;5
4421 BG;12
3829 ME;4
6951 KN;3
8938 AS;2
2222 AL;14
4709 BK;35
7206 AX;20
4571 RW;30
2201 EZ;100
1785 AK;1
8255 PB;42
3774 SB;5-7
3771 LN;1
8251 RW;19
5463 XH;5
5411 LP;13
3861 RP;2
6657 KA;6
5349 AJ;22
3247 LK;14A
4824 EH;36
4905 AA;37
9291 MB;12
5281 RE;24
5469 PS;49
3864 MJ;68
3208 LD;1
2635 NB;12
1067 ST;547
2722 NK;36-38
8252 GT;32
4815 HR;23
8447 DM;1
8601 WD;2
2641 KM;17
5281 RE;4
4706 PB;76
4462 GV;10
7336 AR;178
6611 AM;69
3961 NG;4
2211 XN;52
8255 PE;20
3846 AV;11
8022 NL;15
9930 AD;170
3542 AX;6
2718 SB;161
4905 AZ;10
6961 DP;7
2132 XT;6
3861 SJ;6
5626 AE;1065
1976 BC;
3771 NG;29
6657 CP;22
3712 DE;22-24
8071 SJ;103
8071 GD;124
8071 RA;12
9793 PD;110
1241 CW;69
8071 CV;58
9482 WK;5A
3771 MR;4
4905 BR;105
2352 CZ;22
5443 NH;5
3534 AP;166
3771 NB;8
4004 JP;26
5202 CH;
8162 PP;116
6628 KE;
3772 WB;5
6641 KA;3
4104 AE;40
6651 SE;17
2371 AE;48
3774 BN;62
4538 AG;33
1014 AJ;39
2133 JJ;164
2132 WX;2B
3641 SE;26
1101 AK;17
1101 AK;15
5296 NR;1
3903 AB;10
3862 NP;69
2627 AT;53
2641 VS;6
1525 RD;114
3181 GC;37
1214 BZ;5
3862 CB;39
8024 AA;50
7418 BJ;10
5462 GC;119
1185 ZN;9-11
2102 LS;37
4191 GT;42
8471 CZ;22
3900 AZ;988
6603 BV;204-A
7336 AZ;90
6621 BV;29
2202 LR;78
3615 AD;32
4708 AJ;105
5282 JH;48
1182 AL;6-8
2222 AL;14
8051 VJ;81
4827 HJ;1
6745 XD;2
4458 DA;6
2103 SX;38
4927 RH;1
3881 AB;47 A
6953 DD;49
4900 AN;551
7908 HC;11
3233 LM;2
8251 RZ;14
7261 KB;3
3534 AC;218
1032 KS;2
1944 TV;2
3812 PN;112
6658 AE;1
4584 LH;135
5076 TM;6
4421 SH;19
1911 HC;73
3430 BJ;
7722 KT;5
5351 NC;2
3981 AK;20
8225 RW;23-41
5374 ZG;44
8171 LV;73
8255 RJ;14
3972 KC;30
3972 KC;30
8316 PD;29
7483 PG;5
6851 AJ;1
1328 LJ;107
4813 EE;83
2642 JC;29
3927 CD;44
8912 AA;31 a
8250 AB;7
2731 BM;28
5281 PL;6-13
7606 ER;100
9723 TH;4
7772 NZ;15
4759 BJ;9
9312 PR;4
4538 BZ;15
6645 KP;34
8472 AW;2
9281 NR;15
9077 SW;20
9088 AA;9
3825 HA;41
3781 LR;9
3781 LR;9
3861 VZ;5
6881 RX;21
3770 AB;119
6851 EG;21
7141 JE;3
8471 XJ;11
1704 PK;2
2992 SP;11
9781 CE;7
3781 AA;17
4921 PJ;32
8171 MG;6
7671 SW;16
1525 RG;22
9104 CM;27
3812 RZ;9
4538 BL;13
3825 PH;20-22
2012 GP;48
8251 SB;12
4531 PB;21
2516 AD;15 17
6651 KR;42
4884 MX;10
1791 XC;77
8321 WG;17
6902 PB;12
1422 DZ;100
1422 DZ;100
6657 CP;20
6651 KS;1D
5053 GK;13
6629 AM;35
8938 AH;6
3584 AA;227-231
7005 AG;21
7231 NN;11
3235 XK;11-13
3198 LS;110
4531 BW;25
1561 PM;1
2718 SM;14
3852 AH;154
6902 PR;13
3439 MS;20
1058 NL;28
1114 AE;89
1964 LJ;32
1703 DA;17
1822 BE;10
2132 XT;8
1422 AD;8
2382 ND;59
3641 RS;11
4521 PE;1
1185 ZT;7-9
6546 AS;11-18
7442 CM;3
5451 HV;11
2611 AV;7
7206 AZ;1
1422 DZ;50-
3781 BB;83
4900 AP;633
7327 AD;15
7141 JE;1
3812 PM;54
3565 AD;74
2041 TH;197
3862 NL;18
2222 AK;8
7007 GE;5
3225 LV;37
3861 SE;1-3
1422 ZB;145
5433 NM;15
4900 AA;18
6960 AA;7
9902 RM;35
6537 TN;
8919 AK;7
8321 ED;21
8321 ED;21
8255 RN;3
3232 VC;2
8161 RK;16
7300 AE;234
3800 AH;321
6971 LX;20
8071 RC;10
6687 LN;4
9991 CR;8
7397 NC;45
3232 LE;27
7951 LL;24
7951 LL;24
7460 AG;286
3821 BR;5 A-C
2718 TC;270
6833 HK;10
3721 TK;90
7461 TZ;9
3565 AT;1
6970 AA;10
1420 AA;14
8162 AV;9
7609 RA;8
9628 EB;10
6551 AC;33
6501 BC;1120
7207 BJ;27
2292 JM;41
3705 LP;5
2350 AC;39
1951 MD;217
3864 NJ;172
9285 XA;9
1786 PC;11
1947 KV;28
7595 KL;4
3771 MB;20
6851 EJ;33
9974 PG;2
6537 AC;11-01
8166 JG;29
3905 LM;225
3194 AC;33
7722 RP;10
7442 CK;10
9684 CK;96
1101 GC;48
7442 CH;9
3824 ML;25
3905 KW;26
7641 AM;6
8921 AK;99
6611 AD;2
9723 BM;5
7008 AS;11
8621 DV;16
3602 AJ;89
8471 ZK;3
9231 AA;19
7131 NS;3
1046 CC;1
8013 RM;18
2222 AG;5
6831 AJ;46
7007 CD;22
6545 CL;51
8171 NS;34
6827 BN;15
6131 KG;10
7324 AX;10
7202 BC;15
3846 AK;1
6135 KD;67
8322 BK;36
6580 AB;65
8255 AA;24
8471 ZX;2
8255 PD;67-69
6545 AC;9
7434 RT;96
7140 AA;
1098 JZ;87
6412 PE;84
6468 EL;26
6224 LT;22
6136 KP;2
7442 CW;48
7442 CW;42
7131 PZ;1
7333 NX;2-4
6826 TP;5-9
7005 AG;63
3846 AK;5
8448 CE;1
8301 AJ;12
1746 CL;11
2142 ED;835
5431 BV;1
6541 DD;41
2635 DP;23
8251 HZ;122
3784 VC;4
5633 AC;224
3851 SM;13
7442 CX;9
7206 AZ;21
8077 SJ;5
8305 AB;1
6921 RJ;3
2625 TP;3
1705 LT;37
6661 KD;103
8255 RC;10
3861 SJ;9-11
8181 SN;9
5431 NS;27
6511 AA;37
9044 MV;10
7554 TA;38
6581 AJ;24
6596 DH;9
1067 TH;400
7451 MP;34
1394 AH;141
6851 EJ;21
6562 AS;8
2627 CH;16 -22
6611 KT;
7102 JE;50
7102 JE;50
5453 RT;5
9902 AA;33
7448 RZ;37
7204 LX;41
3771 MH;10
8253 PJ;23
5126 PV;10
6603 AV;25
7431 RD;
4541 CT;7
5405 BP;8
4921 KJ;11
8471 BG;38
3707 HW;19
3791 PA;7
4530 AA;1
4530 AA;1
3181 HA;40
6942 GS;25
2627 AB;5
2627 BG;2
3845 MC;8
1422 ZC;15
8471 BB;49
3439 JD;8
7418 AV;42035
6983 BR;27
7156 NP;2
8471 AD;17
7642 ND;27
6136 KS;10
7462 XA;95
1081 KE;23
7005 BN;9
7418 AV;47
7600 AM;12
6582 AG;9
3864 ED;16
5281 RE;20
3565 BL;10
6631 KK;20
6666 MP;7
3241 MD;5
3224 AT;9
1119 NC;101
6651 KR;40
6651 KR;40
6651 KR;40
8014 AH;30-32
8253 EP;20
3941 BZ;2
3705 BB;201
2627 AX;4
2627 AW;15
4465 AX;40
1111 AA;
3063 NJ;19
2718 SZ;47
1791 CA;14
2627 AN;15
2627 AX;1 a
1181 DN;2
5441 PS;1
2641 KG;63
4794 RM;4
7621 XS;71
8485 JC;37
6851 EJ;1
6836 BH;26
5281 RS;46
4927 RL;1
7451 PJ;44
4462 GP;33
4462 GP;33
4462 GS;33
4462 GP;33
4462 GP;33
4462 GP;33
4704 SB;2
4704 SB;2
